file_name,year,kind,page,subject,chapter,title,hits
2009年计算机408统考真题. .pdf,2009,真题,1,操作系统,第5章,I/O管理、缓冲、磁盘调度、设备管理,2
2009年计算机408统考真题. .pdf,2009,真题,2,计算机组成原理,第2章,数据表示与运算,7
2009年计算机408统考真题. .pdf,2009,真题,2,计算机组成原理,第3章,存储系统、Cache、主存、虚拟存储,11
2009年计算机408统考真题. .pdf,2009,真题,2,计算机组成原理,第4章,指令系统、寻址方式、机器级程序,12
2009年计算机408统考真题. .pdf,2009,真题,2,计算机组成原理,第5章,CPU、数据通路、控制器、流水线、中断异常,4
2009年计算机408统考真题. .pdf,2009,真题,3,操作系统,第1章,概述、运行机制、中断/异常、系统调用、引导,1
2009年计算机408统考真题. .pdf,2009,真题,3,操作系统,第2章,进程、线程、处理机调度、同步互斥、死锁,16
2009年计算机408统考真题. .pdf,2009,真题,3,操作系统,第3章,内存管理、页表、虚拟内存、页面置换,3
2009年计算机408统考真题. .pdf,2009,真题,3,操作系统,第4章,文件系统、目录、文件分配、空闲空间管理,3
2009年计算机408统考真题. .pdf,2009,真题,3,操作系统,第5章,I/O管理、缓冲、磁盘调度、设备管理,3
2009年计算机408统考真题. .pdf,2009,真题,3,计算机组成原理,第1章,概述、性能指标、层次结构,1
2009年计算机408统考真题. .pdf,2009,真题,3,计算机组成原理,第2章,数据表示与运算,1
2009年计算机408统考真题. .pdf,2009,真题,3,计算机组成原理,第3章,存储系统、Cache、主存、虚拟存储,5
2009年计算机408统考真题. .pdf,2009,真题,3,计算机组成原理,第4章,指令系统、寻址方式、机器级程序,19
2009年计算机408统考真题. .pdf,2009,真题,3,计算机组成原理,第5章,CPU、数据通路、控制器、流水线、中断异常,6
2009年计算机408统考真题. .pdf,2009,真题,3,计算机组成原理,第6章,总线,5
2009年计算机408统考真题. .pdf,2009,真题,3,计算机组成原理,第7章,输入输出系统、DMA、中断、接口,3
2009年计算机408统考真题. .pdf,2009,真题,4,操作系统,第1章,概述、运行机制、中断/异常、系统调用、引导,1
2009年计算机408统考真题. .pdf,2009,真题,4,操作系统,第3章,内存管理、页表、虚拟内存、页面置换,2
2009年计算机408统考真题. .pdf,2009,真题,4,操作系统,第4章,文件系统、目录、文件分配、空闲空间管理,7
2009年计算机408统考真题. .pdf,2009,真题,4,操作系统,第5章,I/O管理、缓冲、磁盘调度、设备管理,4
2009年计算机408统考真题. .pdf,2009,真题,4,计算机组成原理,第5章,CPU、数据通路、控制器、流水线、中断异常,1
2009年计算机408统考真题. .pdf,2009,真题,4,计算机组成原理,第6章,总线,1
2009年计算机408统考真题. .pdf,2009,真题,4,计算机组成原理,第7章,输入输出系统、DMA、中断、接口,4
2009年计算机408统考真题. .pdf,2009,真题,5,操作系统,第1章,概述、运行机制、中断/异常、系统调用、引导,4
2009年计算机408统考真题. .pdf,2009,真题,5,操作系统,第5章,I/O管理、缓冲、磁盘调度、设备管理,3
2009年计算机408统考真题. .pdf,2009,真题,5,计算机组成原理,第1章,概述、性能指标、层次结构,2
2009年计算机408统考真题. .pdf,2009,真题,5,计算机组成原理,第3章,存储系统、Cache、主存、虚拟存储,2
2009年计算机408统考真题. .pdf,2009,真题,5,计算机组成原理,第4章,指令系统、寻址方式、机器级程序,4
2009年计算机408统考真题. .pdf,2009,真题,5,计算机组成原理,第5章,CPU、数据通路、控制器、流水线、中断异常,18
2009年计算机408统考真题. .pdf,2009,真题,5,计算机组成原理,第6章,总线,1
2009年计算机408统考真题. .pdf,2009,真题,5,计算机组成原理,第7章,输入输出系统、DMA、中断、接口,5
2009年计算机408统考真题. .pdf,2009,真题,7,操作系统,第1章,概述、运行机制、中断/异常、系统调用、引导,3
2009年计算机408统考真题. .pdf,2009,真题,7,操作系统,第2章,进程、线程、处理机调度、同步互斥、死锁,6
2009年计算机408统考真题. .pdf,2009,真题,7,操作系统,第3章,内存管理、页表、虚拟内存、页面置换,18
2009年计算机408统考真题. .pdf,2009,真题,7,操作系统,第5章,I/O管理、缓冲、磁盘调度、设备管理,3
2009年计算机408统考真题. .pdf,2009,真题,7,计算机组成原理,第1章,概述、性能指标、层次结构,1
2009年计算机408统考真题. .pdf,2009,真题,7,计算机组成原理,第3章,存储系统、Cache、主存、虚拟存储,6
2009年计算机408统考真题. .pdf,2009,真题,7,计算机组成原理,第4章,指令系统、寻址方式、机器级程序,2
2009年计算机408统考真题. .pdf,2009,真题,7,计算机组成原理,第5章,CPU、数据通路、控制器、流水线、中断异常,12
2009年计算机408统考真题. .pdf,2009,真题,7,计算机组成原理,第7章,输入输出系统、DMA、中断、接口,5
2010年计算机408统考真题. .pdf,2010,真题,2,计算机组成原理,第2章,数据表示与运算,4
2010年计算机408统考真题. .pdf,2010,真题,2,计算机组成原理,第3章,存储系统、Cache、主存、虚拟存储,2
2010年计算机408统考真题. .pdf,2010,真题,2,计算机组成原理,第5章,CPU、数据通路、控制器、流水线、中断异常,2
2010年计算机408统考真题. .pdf,2010,真题,3,操作系统,第1章,概述、运行机制、中断/异常、系统调用、引导,10
2010年计算机408统考真题. .pdf,2010,真题,3,操作系统,第2章,进程、线程、处理机调度、同步互斥、死锁,9
2010年计算机408统考真题. .pdf,2010,真题,3,操作系统,第3章,内存管理、页表、虚拟内存、页面置换,4
2010年计算机408统考真题. .pdf,2010,真题,3,操作系统,第5章,I/O管理、缓冲、磁盘调度、设备管理,1
2010年计算机408统考真题. .pdf,2010,真题,3,计算机组成原理,第1章,概述、性能指标、层次结构,2
2010年计算机408统考真题. .pdf,2010,真题,3,计算机组成原理,第3章,存储系统、Cache、主存、虚拟存储,12
2010年计算机408统考真题. .pdf,2010,真题,3,计算机组成原理,第4章,指令系统、寻址方式、机器级程序,3
2010年计算机408统考真题. .pdf,2010,真题,3,计算机组成原理,第5章,CPU、数据通路、控制器、流水线、中断异常,19
2010年计算机408统考真题. .pdf,2010,真题,3,计算机组成原理,第6章,总线,3
2010年计算机408统考真题. .pdf,2010,真题,3,计算机组成原理,第7章,输入输出系统、DMA、中断、接口,2
2010年计算机408统考真题. .pdf,2010,真题,4,操作系统,第1章,概述、运行机制、中断/异常、系统调用、引导,2
2010年计算机408统考真题. .pdf,2010,真题,4,操作系统,第2章,进程、线程、处理机调度、同步互斥、死锁,17
2010年计算机408统考真题. .pdf,2010,真题,4,操作系统,第3章,内存管理、页表、虚拟内存、页面置换,6
2010年计算机408统考真题. .pdf,2010,真题,4,操作系统,第4章,文件系统、目录、文件分配、空闲空间管理,11
2010年计算机408统考真题. .pdf,2010,真题,4,计算机组成原理,第3章,存储系统、Cache、主存、虚拟存储,2
2010年计算机408统考真题. .pdf,2010,真题,4,计算机组成原理,第5章,CPU、数据通路、控制器、流水线、中断异常,2
2010年计算机408统考真题. .pdf,2010,真题,4,计算机组成原理,第7章,输入输出系统、DMA、中断、接口,1
2010年计算机408统考真题. .pdf,2010,真题,5,操作系统,第4章,文件系统、目录、文件分配、空闲空间管理,1
2010年计算机408统考真题. .pdf,2010,真题,5,操作系统,第5章,I/O管理、缓冲、磁盘调度、设备管理,1
2010年计算机408统考真题. .pdf,2010,真题,5,计算机组成原理,第3章,存储系统、Cache、主存、虚拟存储,1
2010年计算机408统考真题. .pdf,2010,真题,5,计算机组成原理,第5章,CPU、数据通路、控制器、流水线、中断异常,1
2010年计算机408统考真题. .pdf,2010,真题,5,计算机组成原理,第7章,输入输出系统、DMA、中断、接口,1
2010年计算机408统考真题. .pdf,2010,真题,6,计算机组成原理,第2章,数据表示与运算,2
2010年计算机408统考真题. .pdf,2010,真题,6,计算机组成原理,第3章,存储系统、Cache、主存、虚拟存储,16
2010年计算机408统考真题. .pdf,2010,真题,6,计算机组成原理,第4章,指令系统、寻址方式、机器级程序,13
2010年计算机408统考真题. .pdf,2010,真题,6,计算机组成原理,第5章,CPU、数据通路、控制器、流水线、中断异常,9
2010年计算机408统考真题. .pdf,2010,真题,7,操作系统,第1章,概述、运行机制、中断/异常、系统调用、引导,1
2010年计算机408统考真题. .pdf,2010,真题,7,操作系统,第2章,进程、线程、处理机调度、同步互斥、死锁,7
2010年计算机408统考真题. .pdf,2010,真题,7,操作系统,第3章,内存管理、页表、虚拟内存、页面置换,8
2010年计算机408统考真题. .pdf,2010,真题,7,操作系统,第4章,文件系统、目录、文件分配、空闲空间管理,3
2010年计算机408统考真题. .pdf,2010,真题,7,操作系统,第5章,I/O管理、缓冲、磁盘调度、设备管理,3
2010年计算机408统考真题. .pdf,2010,真题,7,计算机组成原理,第3章,存储系统、Cache、主存、虚拟存储,3
2010年计算机408统考真题. .pdf,2010,真题,7,计算机组成原理,第7章,输入输出系统、DMA、中断、接口,2
2011年计算机408统考真题. .pdf,2011,真题,2,操作系统,第1章,概述、运行机制、中断/异常、系统调用、引导,9
2011年计算机408统考真题. .pdf,2011,真题,2,操作系统,第2章,进程、线程、处理机调度、同步互斥、死锁,1
2011年计算机408统考真题. .pdf,2011,真题,2,操作系统,第4章,文件系统、目录、文件分配、空闲空间管理,1
2011年计算机408统考真题. .pdf,2011,真题,2,计算机组成原理,第1章,概述、性能指标、层次结构,4
2011年计算机408统考真题. .pdf,2011,真题,2,计算机组成原理,第2章,数据表示与运算,5
2011年计算机408统考真题. .pdf,2011,真题,2,计算机组成原理,第3章,存储系统、Cache、主存、虚拟存储,9
2011年计算机408统考真题. .pdf,2011,真题,2,计算机组成原理,第4章,指令系统、寻址方式、机器级程序,24
2011年计算机408统考真题. .pdf,2011,真题,2,计算机组成原理,第5章,CPU、数据通路、控制器、流水线、中断异常,19
2011年计算机408统考真题. .pdf,2011,真题,2,计算机组成原理,第6章,总线,1
2011年计算机408统考真题. .pdf,2011,真题,2,计算机组成原理,第7章,输入输出系统、DMA、中断、接口,1
2011年计算机408统考真题. .pdf,2011,真题,3,操作系统,第1章,概述、运行机制、中断/异常、系统调用、引导,11
2011年计算机408统考真题. .pdf,2011,真题,3,操作系统,第2章,进程、线程、处理机调度、同步互斥、死锁,17
2011年计算机408统考真题. .pdf,2011,真题,3,操作系统,第3章,内存管理、页表、虚拟内存、页面置换,10
2011年计算机408统考真题. .pdf,2011,真题,3,操作系统,第4章,文件系统、目录、文件分配、空闲空间管理,1
2011年计算机408统考真题. .pdf,2011,真题,3,操作系统,第5章,I/O管理、缓冲、磁盘调度、设备管理,7
2011年计算机408统考真题. .pdf,2011,真题,3,计算机组成原理,第1章,概述、性能指标、层次结构,3
2011年计算机408统考真题. .pdf,2011,真题,3,计算机组成原理,第5章,CPU、数据通路、控制器、流水线、中断异常,7
2011年计算机408统考真题. .pdf,2011,真题,3,计算机组成原理,第7章,输入输出系统、DMA、中断、接口,10
2011年计算机408统考真题. .pdf,2011,真题,4,操作系统,第2章,进程、线程、处理机调度、同步互斥、死锁,1
2011年计算机408统考真题. .pdf,2011,真题,4,操作系统,第4章,文件系统、目录、文件分配、空闲空间管理,7
2011年计算机408统考真题. .pdf,2011,真题,4,操作系统,第5章,I/O管理、缓冲、磁盘调度、设备管理,7
2011年计算机408统考真题. .pdf,2011,真题,4,计算机组成原理,第3章,存储系统、Cache、主存、虚拟存储,1
2011年计算机408统考真题. .pdf,2011,真题,4,计算机组成原理,第4章,指令系统、寻址方式、机器级程序,1
2011年计算机408统考真题. .pdf,2011,真题,4,计算机组成原理,第5章,CPU、数据通路、控制器、流水线、中断异常,2
2011年计算机408统考真题. .pdf,2011,真题,4,计算机组成原理,第7章,输入输出系统、DMA、中断、接口,5
2011年计算机408统考真题. .pdf,2011,真题,5,计算机组成原理,第2章,数据表示与运算,3
2011年计算机408统考真题. .pdf,2011,真题,5,计算机组成原理,第5章,CPU、数据通路、控制器、流水线、中断异常,2
2011年计算机408统考真题. .pdf,2011,真题,7,操作系统,第3章,内存管理、页表、虚拟内存、页面置换,13
2011年计算机408统考真题. .pdf,2011,真题,7,操作系统,第4章,文件系统、目录、文件分配、空闲空间管理,1
2011年计算机408统考真题. .pdf,2011,真题,7,计算机组成原理,第2章,数据表示与运算,1
2011年计算机408统考真题. .pdf,2011,真题,7,计算机组成原理,第3章,存储系统、Cache、主存、虚拟存储,17
2011年计算机408统考真题. .pdf,2011,真题,8,操作系统,第2章,进程、线程、处理机调度、同步互斥、死锁,6
2011年计算机408统考真题. .pdf,2011,真题,8,操作系统,第4章,文件系统、目录、文件分配、空闲空间管理,12
2011年计算机408统考真题. .pdf,2011,真题,8,计算机组成原理,第1章,概述、性能指标、层次结构,1
2011年计算机408统考真题. .pdf,2011,真题,8,计算机组成原理,第5章,CPU、数据通路、控制器、流水线、中断异常,2
2011年计算机408统考真题. .pdf,2011,真题,8,计算机组成原理,第7章,输入输出系统、DMA、中断、接口,1
2011年计算机408统考真题. .pdf,2011,真题,9,计算机组成原理,第4章,指令系统、寻址方式、机器级程序,1
2012年计算机408统考真题. .pdf,2012,真题,2,计算机组成原理,第1章,概述、性能指标、层次结构,1
2012年计算机408统考真题. .pdf,2012,真题,2,计算机组成原理,第2章,数据表示与运算,2
2012年计算机408统考真题. .pdf,2012,真题,2,计算机组成原理,第3章,存储系统、Cache、主存、虚拟存储,1
2012年计算机408统考真题. .pdf,2012,真题,2,计算机组成原理,第5章,CPU、数据通路、控制器、流水线、中断异常,2
2012年计算机408统考真题. .pdf,2012,真题,3,操作系统,第1章,概述、运行机制、中断/异常、系统调用、引导,11
2012年计算机408统考真题. .pdf,2012,真题,3,操作系统,第2章,进程、线程、处理机调度、同步互斥、死锁,3
2012年计算机408统考真题. .pdf,2012,真题,3,操作系统,第3章,内存管理、页表、虚拟内存、页面置换,1
2012年计算机408统考真题. .pdf,2012,真题,3,计算机组成原理,第1章,概述、性能指标、层次结构,1
2012年计算机408统考真题. .pdf,2012,真题,3,计算机组成原理,第3章,存储系统、Cache、主存、虚拟存储,19
2012年计算机408统考真题. .pdf,2012,真题,3,计算机组成原理,第4章,指令系统、寻址方式、机器级程序,2
2012年计算机408统考真题. .pdf,2012,真题,3,计算机组成原理,第5章,CPU、数据通路、控制器、流水线、中断异常,15
2012年计算机408统考真题. .pdf,2012,真题,3,计算机组成原理,第6章,总线,7
2012年计算机408统考真题. .pdf,2012,真题,3,计算机组成原理,第7章,输入输出系统、DMA、中断、接口,3
2012年计算机408统考真题. .pdf,2012,真题,4,操作系统,第1章,概述、运行机制、中断/异常、系统调用、引导,11
2012年计算机408统考真题. .pdf,2012,真题,4,操作系统,第2章,进程、线程、处理机调度、同步互斥、死锁,27
2012年计算机408统考真题. .pdf,2012,真题,4,操作系统,第4章,文件系统、目录、文件分配、空闲空间管理,3
2012年计算机408统考真题. .pdf,2012,真题,4,操作系统,第5章,I/O管理、缓冲、磁盘调度、设备管理,9
2012年计算机408统考真题. .pdf,2012,真题,4,计算机组成原理,第1章,概述、性能指标、层次结构,1
2012年计算机408统考真题. .pdf,2012,真题,4,计算机组成原理,第5章,CPU、数据通路、控制器、流水线、中断异常,5
2012年计算机408统考真题. .pdf,2012,真题,4,计算机组成原理,第7章,输入输出系统、DMA、中断、接口,12
2012年计算机408统考真题. .pdf,2012,真题,5,操作系统,第4章,文件系统、目录、文件分配、空闲空间管理,1
2012年计算机408统考真题. .pdf,2012,真题,5,计算机组成原理,第5章,CPU、数据通路、控制器、流水线、中断异常,1
2012年计算机408统考真题. .pdf,2012,真题,5,计算机组成原理,第7章,输入输出系统、DMA、中断、接口,1
2012年计算机408统考真题. .pdf,2012,真题,6,操作系统,第1章,概述、运行机制、中断/异常、系统调用、引导,2
2012年计算机408统考真题. .pdf,2012,真题,6,操作系统,第2章,进程、线程、处理机调度、同步互斥、死锁,1
2012年计算机408统考真题. .pdf,2012,真题,6,操作系统,第3章,内存管理、页表、虚拟内存、页面置换,3
2012年计算机408统考真题. .pdf,2012,真题,6,操作系统,第5章,I/O管理、缓冲、磁盘调度、设备管理,5
2012年计算机408统考真题. .pdf,2012,真题,6,计算机组成原理,第1章,概述、性能指标、层次结构,6
2012年计算机408统考真题. .pdf,2012,真题,6,计算机组成原理,第2章,数据表示与运算,1
2012年计算机408统考真题. .pdf,2012,真题,6,计算机组成原理,第3章,存储系统、Cache、主存、虚拟存储,16
2012年计算机408统考真题. .pdf,2012,真题,6,计算机组成原理,第4章,指令系统、寻址方式、机器级程序,16
2012年计算机408统考真题. .pdf,2012,真题,6,计算机组成原理,第5章,CPU、数据通路、控制器、流水线、中断异常,17
2012年计算机408统考真题. .pdf,2012,真题,6,计算机组成原理,第6章,总线,4
2012年计算机408统考真题. .pdf,2012,真题,6,计算机组成原理,第7章,输入输出系统、DMA、中断、接口,10
2012年计算机408统考真题. .pdf,2012,真题,7,操作系统,第2章,进程、线程、处理机调度、同步互斥、死锁,4
2012年计算机408统考真题. .pdf,2012,真题,7,操作系统,第3章,内存管理、页表、虚拟内存、页面置换,6
2012年计算机408统考真题. .pdf,2012,真题,7,操作系统,第4章,文件系统、目录、文件分配、空闲空间管理,24
2012年计算机408统考真题. .pdf,2012,真题,7,计算机组成原理,第1章,概述、性能指标、层次结构,1
2012年计算机408统考真题. .pdf,2012,真题,7,计算机组成原理,第3章,存储系统、Cache、主存、虚拟存储,1
2012年计算机408统考真题. .pdf,2012,真题,7,计算机组成原理,第4章,指令系统、寻址方式、机器级程序,5
2012年计算机408统考真题. .pdf,2012,真题,7,计算机组成原理,第5章,CPU、数据通路、控制器、流水线、中断异常,3
2012年计算机408统考真题. .pdf,2012,真题,7,计算机组成原理,第7章,输入输出系统、DMA、中断、接口,3
2012年计算机408统考真题. .pdf,2012,真题,8,计算机组成原理,第4章,指令系统、寻址方式、机器级程序,2
2013年计算机408统考真题. .pdf,2013,真题,2,操作系统,第3章,内存管理、页表、虚拟内存、页面置换,1
2013年计算机408统考真题. .pdf,2013,真题,2,计算机组成原理,第1章,概述、性能指标、层次结构,3
2013年计算机408统考真题. .pdf,2013,真题,2,计算机组成原理,第2章,数据表示与运算,2
2013年计算机408统考真题. .pdf,2013,真题,2,计算机组成原理,第3章,存储系统、Cache、主存、虚拟存储,1
2013年计算机408统考真题. .pdf,2013,真题,2,计算机组成原理,第4章,指令系统、寻址方式、机器级程序,2
2013年计算机408统考真题. .pdf,2013,真题,3,操作系统,第1章,概述、运行机制、中断/异常、系统调用、引导,9
2013年计算机408统考真题. .pdf,2013,真题,3,操作系统,第3章,内存管理、页表、虚拟内存、页面置换,5
2013年计算机408统考真题. .pdf,2013,真题,3,操作系统,第4章,文件系统、目录、文件分配、空闲空间管理,9
2013年计算机408统考真题. .pdf,2013,真题,3,操作系统,第5章,I/O管理、缓冲、磁盘调度、设备管理,8
2013年计算机408统考真题. .pdf,2013,真题,3,计算机组成原理,第1章,概述、性能指标、层次结构,2
2013年计算机408统考真题. .pdf,2013,真题,3,计算机组成原理,第3章,存储系统、Cache、主存、虚拟存储,5
2013年计算机408统考真题. .pdf,2013,真题,3,计算机组成原理,第4章,指令系统、寻址方式、机器级程序,8
2013年计算机408统考真题. .pdf,2013,真题,3,计算机组成原理,第5章,CPU、数据通路、控制器、流水线、中断异常,17
2013年计算机408统考真题. .pdf,2013,真题,3,计算机组成原理,第6章,总线,2
2013年计算机408统考真题. .pdf,2013,真题,3,计算机组成原理,第7章,输入输出系统、DMA、中断、接口,14
2013年计算机408统考真题. .pdf,2013,真题,4,操作系统,第1章,概述、运行机制、中断/异常、系统调用、引导,5
2013年计算机408统考真题. .pdf,2013,真题,4,操作系统,第2章,进程、线程、处理机调度、同步互斥、死锁,16
2013年计算机408统考真题. .pdf,2013,真题,4,操作系统,第3章,内存管理、页表、虚拟内存、页面置换,1
2013年计算机408统考真题. .pdf,2013,真题,4,操作系统,第4章,文件系统、目录、文件分配、空闲空间管理,4
2013年计算机408统考真题. .pdf,2013,真题,4,操作系统,第5章,I/O管理、缓冲、磁盘调度、设备管理,5
2013年计算机408统考真题. .pdf,2013,真题,4,计算机组成原理,第5章,CPU、数据通路、控制器、流水线、中断异常,2
2013年计算机408统考真题. .pdf,2013,真题,4,计算机组成原理,第7章,输入输出系统、DMA、中断、接口,1
2013年计算机408统考真题. .pdf,2013,真题,5,操作系统,第5章,I/O管理、缓冲、磁盘调度、设备管理,3
2013年计算机408统考真题. .pdf,2013,真题,5,计算机组成原理,第5章,CPU、数据通路、控制器、流水线、中断异常,3
2013年计算机408统考真题. .pdf,2013,真题,5,计算机组成原理,第7章,输入输出系统、DMA、中断、接口,3
2013年计算机408统考真题. .pdf,2013,真题,6,计算机组成原理,第1章,概述、性能指标、层次结构,4
2013年计算机408统考真题. .pdf,2013,真题,6,计算机组成原理,第2章,数据表示与运算,1
2013年计算机408统考真题. .pdf,2013,真题,6,计算机组成原理,第3章,存储系统、Cache、主存、虚拟存储,10
2013年计算机408统考真题. .pdf,2013,真题,6,计算机组成原理,第4章,指令系统、寻址方式、机器级程序,15
2013年计算机408统考真题. .pdf,2013,真题,6,计算机组成原理,第5章,CPU、数据通路、控制器、流水线、中断异常,10
2013年计算机408统考真题. .pdf,2013,真题,6,计算机组成原理,第6章,总线,15
2013年计算机408统考真题. .pdf,2013,真题,7,操作系统,第2章,进程、线程、处理机调度、同步互斥、死锁,6
2013年计算机408统考真题. .pdf,2013,真题,7,操作系统,第3章,内存管理、页表、虚拟内存、页面置换,21
2013年计算机408统考真题. .pdf,2013,真题,7,操作系统,第4章,文件系统、目录、文件分配、空闲空间管理,3
2013年计算机408统考真题. .pdf,2013,真题,7,计算机组成原理,第3章,存储系统、Cache、主存、虚拟存储,3
2013年计算机408统考真题. .pdf,2013,真题,8,计算机组成原理,第5章,CPU、数据通路、控制器、流水线、中断异常,1
2013年计算机408统考真题. .pdf,2013,真题,8,计算机组成原理,第7章,输入输出系统、DMA、中断、接口,3
2014年计算机408统考真题. .pdf,2014,真题,2,计算机组成原理,第1章,概述、性能指标、层次结构,1
2014年计算机408统考真题. .pdf,2014,真题,2,计算机组成原理,第2章,数据表示与运算,6
2014年计算机408统考真题. .pdf,2014,真题,2,计算机组成原理,第3章,存储系统、Cache、主存、虚拟存储,8
2014年计算机408统考真题. .pdf,2014,真题,2,计算机组成原理,第4章,指令系统、寻址方式、机器级程序,18
2014年计算机408统考真题. .pdf,2014,真题,2,计算机组成原理,第5章,CPU、数据通路、控制器、流水线、中断异常,11
2014年计算机408统考真题. .pdf,2014,真题,3,操作系统,第1章,概述、运行机制、中断/异常、系统调用、引导,8
2014年计算机408统考真题. .pdf,2014,真题,3,操作系统,第2章,进程、线程、处理机调度、同步互斥、死锁,19
2014年计算机408统考真题. .pdf,2014,真题,3,操作系统,第3章,内存管理、页表、虚拟内存、页面置换,4
2014年计算机408统考真题. .pdf,2014,真题,3,操作系统,第4章,文件系统、目录、文件分配、空闲空间管理,8
2014年计算机408统考真题. .pdf,2014,真题,3,操作系统,第5章,I/O管理、缓冲、磁盘调度、设备管理,9
2014年计算机408统考真题. .pdf,2014,真题,3,计算机组成原理,第1章,概述、性能指标、层次结构,2
2014年计算机408统考真题. .pdf,2014,真题,3,计算机组成原理,第3章,存储系统、Cache、主存、虚拟存储,3
2014年计算机408统考真题. .pdf,2014,真题,3,计算机组成原理,第4章,指令系统、寻址方式、机器级程序,7
2014年计算机408统考真题. .pdf,2014,真题,3,计算机组成原理,第5章,CPU、数据通路、控制器、流水线、中断异常,11
2014年计算机408统考真题. .pdf,2014,真题,3,计算机组成原理,第6章,总线,8
2014年计算机408统考真题. .pdf,2014,真题,3,计算机组成原理,第7章,输入输出系统、DMA、中断、接口,13
2014年计算机408统考真题. .pdf,2014,真题,4,操作系统,第1章,概述、运行机制、中断/异常、系统调用、引导,1
2014年计算机408统考真题. .pdf,2014,真题,4,操作系统,第2章,进程、线程、处理机调度、同步互斥、死锁,3
2014年计算机408统考真题. .pdf,2014,真题,4,操作系统,第3章,内存管理、页表、虚拟内存、页面置换,5
2014年计算机408统考真题. .pdf,2014,真题,4,操作系统,第5章,I/O管理、缓冲、磁盘调度、设备管理,1
2014年计算机408统考真题. .pdf,2014,真题,4,计算机组成原理,第5章,CPU、数据通路、控制器、流水线、中断异常,4
2014年计算机408统考真题. .pdf,2014,真题,4,计算机组成原理,第6章,总线,1
2014年计算机408统考真题. .pdf,2014,真题,4,计算机组成原理,第7章,输入输出系统、DMA、中断、接口,2
2014年计算机408统考真题. .pdf,2014,真题,5,计算机组成原理,第7章,输入输出系统、DMA、中断、接口,1
2014年计算机408统考真题. .pdf,2014,真题,6,计算机组成原理,第1章,概述、性能指标、层次结构,1
2014年计算机408统考真题. .pdf,2014,真题,6,计算机组成原理,第2章,数据表示与运算,1
2014年计算机408统考真题. .pdf,2014,真题,6,计算机组成原理,第3章,存储系统、Cache、主存、虚拟存储,6
2014年计算机408统考真题. .pdf,2014,真题,6,计算机组成原理,第4章,指令系统、寻址方式、机器级程序,19
2014年计算机408统考真题. .pdf,2014,真题,6,计算机组成原理,第5章,CPU、数据通路、控制器、流水线、中断异常,13
2014年计算机408统考真题. .pdf,2014,真题,6,计算机组成原理,第7章,输入输出系统、DMA、中断、接口,2
2014年计算机408统考真题. .pdf,2014,真题,7,操作系统,第1章,概述、运行机制、中断/异常、系统调用、引导,1
2014年计算机408统考真题. .pdf,2014,真题,7,操作系统,第2章,进程、线程、处理机调度、同步互斥、死锁,13
2014年计算机408统考真题. .pdf,2014,真题,7,操作系统,第3章,内存管理、页表、虚拟内存、页面置换,2
2014年计算机408统考真题. .pdf,2014,真题,7,操作系统,第4章,文件系统、目录、文件分配、空闲空间管理,16
2014年计算机408统考真题. .pdf,2014,真题,7,操作系统,第5章,I/O管理、缓冲、磁盘调度、设备管理,5
2014年计算机408统考真题. .pdf,2014,真题,7,计算机组成原理,第2章,数据表示与运算,1
2014年计算机408统考真题. .pdf,2014,真题,7,计算机组成原理,第3章,存储系统、Cache、主存、虚拟存储,8
2014年计算机408统考真题. .pdf,2014,真题,7,计算机组成原理,第4章,指令系统、寻址方式、机器级程序,5
2014年计算机408统考真题. .pdf,2014,真题,7,计算机组成原理,第5章,CPU、数据通路、控制器、流水线、中断异常,1
2014年计算机408统考真题. .pdf,2014,真题,7,计算机组成原理,第7章,输入输出系统、DMA、中断、接口,6
2015年计算机408统考真题. .pdf,2015,真题,2,操作系统,第3章,内存管理、页表、虚拟内存、页面置换,1
2015年计算机408统考真题. .pdf,2015,真题,2,计算机组成原理,第2章,数据表示与运算,4
2015年计算机408统考真题. .pdf,2015,真题,2,计算机组成原理,第3章,存储系统、Cache、主存、虚拟存储,13
2015年计算机408统考真题. .pdf,2015,真题,2,计算机组成原理,第4章,指令系统、寻址方式、机器级程序,4
2015年计算机408统考真题. .pdf,2015,真题,2,计算机组成原理,第6章,总线,2
2015年计算机408统考真题. .pdf,2015,真题,3,操作系统,第1章,概述、运行机制、中断/异常、系统调用、引导,15
2015年计算机408统考真题. .pdf,2015,真题,3,操作系统,第2章,进程、线程、处理机调度、同步互斥、死锁,16
2015年计算机408统考真题. .pdf,2015,真题,3,操作系统,第3章,内存管理、页表、虚拟内存、页面置换,1
2015年计算机408统考真题. .pdf,2015,真题,3,操作系统,第4章,文件系统、目录、文件分配、空闲空间管理,9
2015年计算机408统考真题. .pdf,2015,真题,3,操作系统,第5章,I/O管理、缓冲、磁盘调度、设备管理,5
2015年计算机408统考真题. .pdf,2015,真题,3,计算机组成原理,第3章,存储系统、Cache、主存、虚拟存储,3
2015年计算机408统考真题. .pdf,2015,真题,3,计算机组成原理,第4章,指令系统、寻址方式、机器级程序,6
2015年计算机408统考真题. .pdf,2015,真题,3,计算机组成原理,第5章,CPU、数据通路、控制器、流水线、中断异常,19
2015年计算机408统考真题. .pdf,2015,真题,3,计算机组成原理,第7章,输入输出系统、DMA、中断、接口,10
2015年计算机408统考真题. .pdf,2015,真题,4,操作系统,第2章,进程、线程、处理机调度、同步互斥、死锁,1
2015年计算机408统考真题. .pdf,2015,真题,4,操作系统,第3章,内存管理、页表、虚拟内存、页面置换,1
2015年计算机408统考真题. .pdf,2015,真题,4,操作系统,第4章,文件系统、目录、文件分配、空闲空间管理,3
2015年计算机408统考真题. .pdf,2015,真题,4,操作系统,第5章,I/O管理、缓冲、磁盘调度、设备管理,1
2015年计算机408统考真题. .pdf,2015,真题,4,计算机组成原理,第7章,输入输出系统、DMA、中断、接口,4
2015年计算机408统考真题. .pdf,2015,真题,5,计算机组成原理,第3章,存储系统、Cache、主存、虚拟存储,2
2015年计算机408统考真题. .pdf,2015,真题,5,计算机组成原理,第5章,CPU、数据通路、控制器、流水线、中断异常,1
2015年计算机408统考真题. .pdf,2015,真题,5,计算机组成原理,第7章,输入输出系统、DMA、中断、接口,1
2015年计算机408统考真题. .pdf,2015,真题,6,计算机组成原理,第2章,数据表示与运算,4
2015年计算机408统考真题. .pdf,2015,真题,6,计算机组成原理,第3章,存储系统、Cache、主存、虚拟存储,1
2015年计算机408统考真题. .pdf,2015,真题,6,计算机组成原理,第4章,指令系统、寻址方式、机器级程序,2
2015年计算机408统考真题. .pdf,2015,真题,6,计算机组成原理,第5章,CPU、数据通路、控制器、流水线、中断异常,8
2015年计算机408统考真题. .pdf,2015,真题,6,计算机组成原理,第6章,总线,2
2015年计算机408统考真题. .pdf,2015,真题,7,计算机组成原理,第2章,数据表示与运算,2
2015年计算机408统考真题. .pdf,2015,真题,7,计算机组成原理,第3章,存储系统、Cache、主存、虚拟存储,2
2015年计算机408统考真题. .pdf,2015,真题,7,计算机组成原理,第4章,指令系统、寻址方式、机器级程序,11
2015年计算机408统考真题. .pdf,2015,真题,7,计算机组成原理,第5章,CPU、数据通路、控制器、流水线、中断异常,12
2015年计算机408统考真题. .pdf,2015,真题,7,计算机组成原理,第6章,总线,1
2015年计算机408统考真题. .pdf,2015,真题,8,操作系统,第2章,进程、线程、处理机调度、同步互斥、死锁,6
2015年计算机408统考真题. .pdf,2015,真题,8,操作系统,第3章,内存管理、页表、虚拟内存、页面置换,9
2015年计算机408统考真题. .pdf,2015,真题,8,操作系统,第4章,文件系统、目录、文件分配、空闲空间管理,3
2015年计算机408统考真题. .pdf,2015,真题,8,计算机组成原理,第4章,指令系统、寻址方式、机器级程序,1
2015年计算机408统考真题. .pdf,2015,真题,8,计算机组成原理,第7章,输入输出系统、DMA、中断、接口,1
2016年计算机408统考真题. .pdf,2016,真题,2,操作系统,第4章,文件系统、目录、文件分配、空闲空间管理,1
2016年计算机408统考真题. .pdf,2016,真题,2,计算机组成原理,第4章,指令系统、寻址方式、机器级程序,1
2016年计算机408统考真题. .pdf,2016,真题,3,操作系统,第1章,概述、运行机制、中断/异常、系统调用、引导,1
2016年计算机408统考真题. .pdf,2016,真题,3,计算机组成原理,第1章,概述、性能指标、层次结构,2
2016年计算机408统考真题. .pdf,2016,真题,3,计算机组成原理,第3章,存储系统、Cache、主存、虚拟存储,7
2016年计算机408统考真题. .pdf,2016,真题,3,计算机组成原理,第4章,指令系统、寻址方式、机器级程序,11
2016年计算机408统考真题. .pdf,2016,真题,3,计算机组成原理,第5章,CPU、数据通路、控制器、流水线、中断异常,8
2016年计算机408统考真题. .pdf,2016,真题,3,计算机组成原理,第6章,总线,6
2016年计算机408统考真题. .pdf,2016,真题,4,操作系统,第1章,概述、运行机制、中断/异常、系统调用、引导,13
2016年计算机408统考真题. .pdf,2016,真题,4,操作系统,第2章,进程、线程、处理机调度、同步互斥、死锁,13
2016年计算机408统考真题. .pdf,2016,真题,4,操作系统,第3章,内存管理、页表、虚拟内存、页面置换,2
2016年计算机408统考真题. .pdf,2016,真题,4,操作系统,第5章,I/O管理、缓冲、磁盘调度、设备管理,3
2016年计算机408统考真题. .pdf,2016,真题,4,计算机组成原理,第5章,CPU、数据通路、控制器、流水线、中断异常,11
2016年计算机408统考真题. .pdf,2016,真题,4,计算机组成原理,第7章,输入输出系统、DMA、中断、接口,3
2016年计算机408统考真题. .pdf,2016,真题,5,操作系统,第1章,概述、运行机制、中断/异常、系统调用、引导,3
2016年计算机408统考真题. .pdf,2016,真题,5,操作系统,第2章,进程、线程、处理机调度、同步互斥、死锁,14
2016年计算机408统考真题. .pdf,2016,真题,5,操作系统,第3章,内存管理、页表、虚拟内存、页面置换,2
2016年计算机408统考真题. .pdf,2016,真题,5,操作系统,第5章,I/O管理、缓冲、磁盘调度、设备管理,2
2016年计算机408统考真题. .pdf,2016,真题,5,计算机组成原理,第5章,CPU、数据通路、控制器、流水线、中断异常,3
2016年计算机408统考真题. .pdf,2016,真题,5,计算机组成原理,第6章,总线,1
2016年计算机408统考真题. .pdf,2016,真题,5,计算机组成原理,第7章,输入输出系统、DMA、中断、接口,2
2016年计算机408统考真题. .pdf,2016,真题,6,计算机组成原理,第5章,CPU、数据通路、控制器、流水线、中断异常,1
2016年计算机408统考真题. .pdf,2016,真题,7,操作系统,第1章,概述、运行机制、中断/异常、系统调用、引导,7
2016年计算机408统考真题. .pdf,2016,真题,7,操作系统,第3章,内存管理、页表、虚拟内存、页面置换,3
2016年计算机408统考真题. .pdf,2016,真题,7,操作系统,第5章,I/O管理、缓冲、磁盘调度、设备管理,3
2016年计算机408统考真题. .pdf,2016,真题,7,计算机组成原理,第1章,概述、性能指标、层次结构,4
2016年计算机408统考真题. .pdf,2016,真题,7,计算机组成原理,第3章,存储系统、Cache、主存、虚拟存储,7
2016年计算机408统考真题. .pdf,2016,真题,7,计算机组成原理,第4章,指令系统、寻址方式、机器级程序,2
2016年计算机408统考真题. .pdf,2016,真题,7,计算机组成原理,第5章,CPU、数据通路、控制器、流水线、中断异常,10
2016年计算机408统考真题. .pdf,2016,真题,7,计算机组成原理,第7章,输入输出系统、DMA、中断、接口,5
2016年计算机408统考真题. .pdf,2016,真题,8,操作系统,第2章,进程、线程、处理机调度、同步互斥、死锁,13
2016年计算机408统考真题. .pdf,2016,真题,8,操作系统,第3章,内存管理、页表、虚拟内存、页面置换,2
2016年计算机408统考真题. .pdf,2016,真题,8,操作系统,第4章,文件系统、目录、文件分配、空闲空间管理,22
2016年计算机408统考真题. .pdf,2016,真题,8,计算机组成原理,第3章,存储系统、Cache、主存、虚拟存储,8
2016年计算机408统考真题. .pdf,2016,真题,8,计算机组成原理,第7章,输入输出系统、DMA、中断、接口,1
2017年计算机408统考真题. .pdf,2017,真题,2,操作系统,第1章,概述、运行机制、中断/异常、系统调用、引导,1
2017年计算机408统考真题. .pdf,2017,真题,2,操作系统,第4章,文件系统、目录、文件分配、空闲空间管理,2
2017年计算机408统考真题. .pdf,2017,真题,2,计算机组成原理,第1章,概述、性能指标、层次结构,2
2017年计算机408统考真题. .pdf,2017,真题,2,计算机组成原理,第3章,存储系统、Cache、主存、虚拟存储,14
2017年计算机408统考真题. .pdf,2017,真题,2,计算机组成原理,第4章,指令系统、寻址方式、机器级程序,12
2017年计算机408统考真题. .pdf,2017,真题,2,计算机组成原理,第5章,CPU、数据通路、控制器、流水线、中断异常,3
2017年计算机408统考真题. .pdf,2017,真题,2,计算机组成原理,第6章,总线,1
2017年计算机408统考真题. .pdf,2017,真题,2,计算机组成原理,第7章,输入输出系统、DMA、中断、接口,1
2017年计算机408统考真题. .pdf,2017,真题,3,操作系统,第1章,概述、运行机制、中断/异常、系统调用、引导,10
2017年计算机408统考真题. .pdf,2017,真题,3,操作系统,第2章,进程、线程、处理机调度、同步互斥、死锁,3
2017年计算机408统考真题. .pdf,2017,真题,3,操作系统,第3章,内存管理、页表、虚拟内存、页面置换,1
2017年计算机408统考真题. .pdf,2017,真题,3,操作系统,第4章,文件系统、目录、文件分配、空闲空间管理,4
2017年计算机408统考真题. .pdf,2017,真题,3,操作系统,第5章,I/O管理、缓冲、磁盘调度、设备管理,2
2017年计算机408统考真题. .pdf,2017,真题,3,计算机组成原理,第2章,数据表示与运算,1
2017年计算机408统考真题. .pdf,2017,真题,3,计算机组成原理,第3章,存储系统、Cache、主存、虚拟存储,4
2017年计算机408统考真题. .pdf,2017,真题,3,计算机组成原理,第4章,指令系统、寻址方式、机器级程序,8
2017年计算机408统考真题. .pdf,2017,真题,3,计算机组成原理,第5章,CPU、数据通路、控制器、流水线、中断异常,19
2017年计算机408统考真题. .pdf,2017,真题,3,计算机组成原理,第6章,总线,5
2017年计算机408统考真题. .pdf,2017,真题,3,计算机组成原理,第7章,输入输出系统、DMA、中断、接口,2
2017年计算机408统考真题. .pdf,2017,真题,4,操作系统,第1章,概述、运行机制、中断/异常、系统调用、引导,4
2017年计算机408统考真题. .pdf,2017,真题,4,操作系统,第2章,进程、线程、处理机调度、同步互斥、死锁,13
2017年计算机408统考真题. .pdf,2017,真题,4,操作系统,第4章,文件系统、目录、文件分配、空闲空间管理,22
2017年计算机408统考真题. .pdf,2017,真题,4,操作系统,第5章,I/O管理、缓冲、磁盘调度、设备管理,3
2017年计算机408统考真题. .pdf,2017,真题,4,计算机组成原理,第1章,概述、性能指标、层次结构,1
2017年计算机408统考真题. .pdf,2017,真题,4,计算机组成原理,第5章,CPU、数据通路、控制器、流水线、中断异常,7
2017年计算机408统考真题. .pdf,2017,真题,4,计算机组成原理,第7章,输入输出系统、DMA、中断、接口,11
2017年计算机408统考真题. .pdf,2017,真题,5,计算机组成原理,第2章,数据表示与运算,1
2017年计算机408统考真题. .pdf,2017,真题,5,计算机组成原理,第3章,存储系统、Cache、主存、虚拟存储,1
2017年计算机408统考真题. .pdf,2017,真题,6,操作系统,第3章,内存管理、页表、虚拟内存、页面置换,1
2017年计算机408统考真题. .pdf,2017,真题,6,计算机组成原理,第2章,数据表示与运算,3
2017年计算机408统考真题. .pdf,2017,真题,6,计算机组成原理,第4章,指令系统、寻址方式、机器级程序,1
2017年计算机408统考真题. .pdf,2017,真题,7,操作系统,第1章,概述、运行机制、中断/异常、系统调用、引导,2
2017年计算机408统考真题. .pdf,2017,真题,7,操作系统,第2章,进程、线程、处理机调度、同步互斥、死锁,4
2017年计算机408统考真题. .pdf,2017,真题,7,操作系统,第3章,内存管理、页表、虚拟内存、页面置换,6
2017年计算机408统考真题. .pdf,2017,真题,7,操作系统,第4章,文件系统、目录、文件分配、空闲空间管理,3
2017年计算机408统考真题. .pdf,2017,真题,7,计算机组成原理,第3章,存储系统、Cache、主存、虚拟存储,1
2017年计算机408统考真题. .pdf,2017,真题,7,计算机组成原理,第4章,指令系统、寻址方式、机器级程序,18
2017年计算机408统考真题. .pdf,2017,真题,7,计算机组成原理,第5章,CPU、数据通路、控制器、流水线、中断异常,2
2017年计算机408统考真题. .pdf,2017,真题,8,操作系统,第2章,进程、线程、处理机调度、同步互斥、死锁,5
2018年计算机408统考真题. .pdf,2018,真题,2,计算机组成原理,第2章,数据表示与运算,4
2018年计算机408统考真题. .pdf,2018,真题,2,计算机组成原理,第4章,指令系统、寻址方式、机器级程序,2
2018年计算机408统考真题. .pdf,2018,真题,3,操作系统,第1章,概述、运行机制、中断/异常、系统调用、引导,10
2018年计算机408统考真题. .pdf,2018,真题,3,操作系统,第2章,进程、线程、处理机调度、同步互斥、死锁,10
2018年计算机408统考真题. .pdf,2018,真题,3,操作系统,第5章,I/O管理、缓冲、磁盘调度、设备管理,1
2018年计算机408统考真题. .pdf,2018,真题,3,计算机组成原理,第2章,数据表示与运算,1
2018年计算机408统考真题. .pdf,2018,真题,3,计算机组成原理,第3章,存储系统、Cache、主存、虚拟存储,1
2018年计算机408统考真题. .pdf,2018,真题,3,计算机组成原理,第4章,指令系统、寻址方式、机器级程序,9
2018年计算机408统考真题. .pdf,2018,真题,3,计算机组成原理,第5章,CPU、数据通路、控制器、流水线、中断异常,24
2018年计算机408统考真题. .pdf,2018,真题,3,计算机组成原理,第6章,总线,4
2018年计算机408统考真题. .pdf,2018,真题,3,计算机组成原理,第7章,输入输出系统、DMA、中断、接口,1
2018年计算机408统考真题. .pdf,2018,真题,4,操作系统,第1章,概述、运行机制、中断/异常、系统调用、引导,2
2018年计算机408统考真题. .pdf,2018,真题,4,操作系统,第2章,进程、线程、处理机调度、同步互斥、死锁,18
2018年计算机408统考真题. .pdf,2018,真题,4,操作系统,第4章,文件系统、目录、文件分配、空闲空间管理,2
2018年计算机408统考真题. .pdf,2018,真题,4,操作系统,第5章,I/O管理、缓冲、磁盘调度、设备管理,3
2018年计算机408统考真题. .pdf,2018,真题,4,计算机组成原理,第1章,概述、性能指标、层次结构,1
2018年计算机408统考真题. .pdf,2018,真题,4,计算机组成原理,第3章,存储系统、Cache、主存、虚拟存储,1
2018年计算机408统考真题. .pdf,2018,真题,4,计算机组成原理,第4章,指令系统、寻址方式、机器级程序,3
2018年计算机408统考真题. .pdf,2018,真题,4,计算机组成原理,第5章,CPU、数据通路、控制器、流水线、中断异常,10
2018年计算机408统考真题. .pdf,2018,真题,4,计算机组成原理,第7章,输入输出系统、DMA、中断、接口,2
2018年计算机408统考真题. .pdf,2018,真题,5,操作系统,第3章,内存管理、页表、虚拟内存、页面置换,1
2018年计算机408统考真题. .pdf,2018,真题,5,操作系统,第4章,文件系统、目录、文件分配、空闲空间管理,1
2018年计算机408统考真题. .pdf,2018,真题,5,计算机组成原理,第2章,数据表示与运算,1
2018年计算机408统考真题. .pdf,2018,真题,5,计算机组成原理,第5章,CPU、数据通路、控制器、流水线、中断异常,1
2018年计算机408统考真题. .pdf,2018,真题,5,计算机组成原理,第7章,输入输出系统、DMA、中断、接口,4
2018年计算机408统考真题. .pdf,2018,真题,6,操作系统,第1章,概述、运行机制、中断/异常、系统调用、引导,4
2018年计算机408统考真题. .pdf,2018,真题,6,操作系统,第3章,内存管理、页表、虚拟内存、页面置换,4
2018年计算机408统考真题. .pdf,2018,真题,6,操作系统,第5章,I/O管理、缓冲、磁盘调度、设备管理,11
2018年计算机408统考真题. .pdf,2018,真题,6,计算机组成原理,第1章,概述、性能指标、层次结构,3
2018年计算机408统考真题. .pdf,2018,真题,6,计算机组成原理,第3章,存储系统、Cache、主存、虚拟存储,17
2018年计算机408统考真题. .pdf,2018,真题,6,计算机组成原理,第5章,CPU、数据通路、控制器、流水线、中断异常,13
2018年计算机408统考真题. .pdf,2018,真题,6,计算机组成原理,第7章,输入输出系统、DMA、中断、接口,11
2018年计算机408统考真题. .pdf,2018,真题,7,操作系统,第2章,进程、线程、处理机调度、同步互斥、死锁,2
2018年计算机408统考真题. .pdf,2018,真题,7,操作系统,第3章,内存管理、页表、虚拟内存、页面置换,4
2018年计算机408统考真题. .pdf,2018,真题,7,操作系统,第4章,文件系统、目录、文件分配、空闲空间管理,10
2018年计算机408统考真题. .pdf,2018,真题,7,计算机组成原理,第4章,指令系统、寻址方式、机器级程序,1
2018年计算机408统考真题. .pdf,2018,真题,7,计算机组成原理,第5章,CPU、数据通路、控制器、流水线、中断异常,1
2018年计算机408统考真题. .pdf,2018,真题,8,计算机组成原理,第4章,指令系统、寻址方式、机器级程序,1
2018年计算机408统考真题. .pdf,2018,真题,8,计算机组成原理,第5章,CPU、数据通路、控制器、流水线、中断异常,1
2018年计算机408统考真题. .pdf,2018,真题,8,计算机组成原理,第7章,输入输出系统、DMA、中断、接口,1
2019年计算机408统考真题. .pdf,2019,真题,2,操作系统,第1章,概述、运行机制、中断/异常、系统调用、引导,2
2019年计算机408统考真题. .pdf,2019,真题,2,操作系统,第3章,内存管理、页表、虚拟内存、页面置换,7
2019年计算机408统考真题. .pdf,2019,真题,2,计算机组成原理,第1章,概述、性能指标、层次结构,4
2019年计算机408统考真题. .pdf,2019,真题,2,计算机组成原理,第2章,数据表示与运算,2
2019年计算机408统考真题. .pdf,2019,真题,2,计算机组成原理,第3章,存储系统、Cache、主存、虚拟存储,1
2019年计算机408统考真题. .pdf,2019,真题,2,计算机组成原理,第4章,指令系统、寻址方式、机器级程序,13
2019年计算机408统考真题. .pdf,2019,真题,2,计算机组成原理,第5章,CPU、数据通路、控制器、流水线、中断异常,6
2019年计算机408统考真题. .pdf,2019,真题,3,操作系统,第1章,概述、运行机制、中断/异常、系统调用、引导,13
2019年计算机408统考真题. .pdf,2019,真题,3,操作系统,第2章,进程、线程、处理机调度、同步互斥、死锁,14
2019年计算机408统考真题. .pdf,2019,真题,3,操作系统,第5章,I/O管理、缓冲、磁盘调度、设备管理,13
2019年计算机408统考真题. .pdf,2019,真题,3,计算机组成原理,第1章,概述、性能指标、层次结构,2
2019年计算机408统考真题. .pdf,2019,真题,3,计算机组成原理,第3章,存储系统、Cache、主存、虚拟存储,8
2019年计算机408统考真题. .pdf,2019,真题,3,计算机组成原理,第4章,指令系统、寻址方式、机器级程序,2
2019年计算机408统考真题. .pdf,2019,真题,3,计算机组成原理,第5章,CPU、数据通路、控制器、流水线、中断异常,17
2019年计算机408统考真题. .pdf,2019,真题,3,计算机组成原理,第6章,总线,7
2019年计算机408统考真题. .pdf,2019,真题,3,计算机组成原理,第7章,输入输出系统、DMA、中断、接口,20
2019年计算机408统考真题. .pdf,2019,真题,4,操作系统,第1章,概述、运行机制、中断/异常、系统调用、引导,4
2019年计算机408统考真题. .pdf,2019,真题,4,操作系统,第2章,进程、线程、处理机调度、同步互斥、死锁,32
2019年计算机408统考真题. .pdf,2019,真题,4,操作系统,第3章,内存管理、页表、虚拟内存、页面置换,3
2019年计算机408统考真题. .pdf,2019,真题,4,操作系统,第4章,文件系统、目录、文件分配、空闲空间管理,10
2019年计算机408统考真题. .pdf,2019,真题,4,计算机组成原理,第3章,存储系统、Cache、主存、虚拟存储,1
2019年计算机408统考真题. .pdf,2019,真题,4,计算机组成原理,第4章,指令系统、寻址方式、机器级程序,1
2019年计算机408统考真题. .pdf,2019,真题,4,计算机组成原理,第5章,CPU、数据通路、控制器、流水线、中断异常,2
2019年计算机408统考真题. .pdf,2019,真题,4,计算机组成原理,第7章,输入输出系统、DMA、中断、接口,4
2019年计算机408统考真题. .pdf,2019,真题,5,操作系统,第4章,文件系统、目录、文件分配、空闲空间管理,1
2019年计算机408统考真题. .pdf,2019,真题,6,操作系统,第2章,进程、线程、处理机调度、同步互斥、死锁,8
2019年计算机408统考真题. .pdf,2019,真题,6,操作系统,第3章,内存管理、页表、虚拟内存、页面置换,2
2019年计算机408统考真题. .pdf,2019,真题,6,操作系统,第4章,文件系统、目录、文件分配、空闲空间管理,1
2019年计算机408统考真题. .pdf,2019,真题,6,操作系统,第5章,I/O管理、缓冲、磁盘调度、设备管理,2
2019年计算机408统考真题. .pdf,2019,真题,6,计算机组成原理,第7章,输入输出系统、DMA、中断、接口,6
2019年计算机408统考真题. .pdf,2019,真题,7,操作系统,第1章,概述、运行机制、中断/异常、系统调用、引导,1
2019年计算机408统考真题. .pdf,2019,真题,7,操作系统,第3章,内存管理、页表、虚拟内存、页面置换,3
2019年计算机408统考真题. .pdf,2019,真题,7,操作系统,第5章,I/O管理、缓冲、磁盘调度、设备管理,9
2019年计算机408统考真题. .pdf,2019,真题,7,计算机组成原理,第2章,数据表示与运算,2
2019年计算机408统考真题. .pdf,2019,真题,7,计算机组成原理,第3章,存储系统、Cache、主存、虚拟存储,8
2019年计算机408统考真题. .pdf,2019,真题,7,计算机组成原理,第4章,指令系统、寻址方式、机器级程序,24
2019年计算机408统考真题. .pdf,2019,真题,7,计算机组成原理,第5章,CPU、数据通路、控制器、流水线、中断异常,2
2019年计算机408统考真题. .pdf,2019,真题,7,计算机组成原理,第7章,输入输出系统、DMA、中断、接口,12
2021年计算机408统考真题. .pdf,2021,真题,2,计算机组成原理,第1章,概述、性能指标、层次结构,1
2021年计算机408统考真题. .pdf,2021,真题,2,计算机组成原理,第2章,数据表示与运算,2
2021年计算机408统考真题. .pdf,2021,真题,3,操作系统,第1章,概述、运行机制、中断/异常、系统调用、引导,5
2021年计算机408统考真题. .pdf,2021,真题,3,操作系统,第2章,进程、线程、处理机调度、同步互斥、死锁,1
2021年计算机408统考真题. .pdf,2021,真题,3,操作系统,第5章,I/O管理、缓冲、磁盘调度、设备管理,1
2021年计算机408统考真题. .pdf,2021,真题,3,计算机组成原理,第2章,数据表示与运算,4
2021年计算机408统考真题. .pdf,2021,真题,3,计算机组成原理,第3章,存储系统、Cache、主存、虚拟存储,7
2021年计算机408统考真题. .pdf,2021,真题,3,计算机组成原理,第4章,指令系统、寻址方式、机器级程序,6
2021年计算机408统考真题. .pdf,2021,真题,3,计算机组成原理,第5章,CPU、数据通路、控制器、流水线、中断异常,18
2021年计算机408统考真题. .pdf,2021,真题,3,计算机组成原理,第6章,总线,9
2021年计算机408统考真题. .pdf,2021,真题,3,计算机组成原理,第7章,输入输出系统、DMA、中断、接口,3
2021年计算机408统考真题. .pdf,2021,真题,4,操作系统,第1章,概述、运行机制、中断/异常、系统调用、引导,16
2021年计算机408统考真题. .pdf,2021,真题,4,操作系统,第2章,进程、线程、处理机调度、同步互斥、死锁,20
2021年计算机408统考真题. .pdf,2021,真题,4,操作系统,第3章,内存管理、页表、虚拟内存、页面置换,10
2021年计算机408统考真题. .pdf,2021,真题,4,操作系统,第5章,I/O管理、缓冲、磁盘调度、设备管理,2
2021年计算机408统考真题. .pdf,2021,真题,4,计算机组成原理,第4章,指令系统、寻址方式、机器级程序,5
2021年计算机408统考真题. .pdf,2021,真题,4,计算机组成原理,第5章,CPU、数据通路、控制器、流水线、中断异常,21
2021年计算机408统考真题. .pdf,2021,真题,4,计算机组成原理,第7章,输入输出系统、DMA、中断、接口,6
2021年计算机408统考真题. .pdf,2021,真题,6,操作系统,第1章,概述、运行机制、中断/异常、系统调用、引导,1
2021年计算机408统考真题. .pdf,2021,真题,6,操作系统,第2章,进程、线程、处理机调度、同步互斥、死锁,9
2021年计算机408统考真题. .pdf,2021,真题,6,操作系统,第3章,内存管理、页表、虚拟内存、页面置换,6
2021年计算机408统考真题. .pdf,2021,真题,6,操作系统,第4章,文件系统、目录、文件分配、空闲空间管理,7
2021年计算机408统考真题. .pdf,2021,真题,6,计算机组成原理,第5章,CPU、数据通路、控制器、流水线、中断异常,1
2021年计算机408统考真题. .pdf,2021,真题,6,计算机组成原理,第7章,输入输出系统、DMA、中断、接口,1
2021年计算机408统考真题. .pdf,2021,真题,8,计算机组成原理,第2章,数据表示与运算,1
2021年计算机408统考真题. .pdf,2021,真题,8,计算机组成原理,第3章,存储系统、Cache、主存、虚拟存储,4
2021年计算机408统考真题. .pdf,2021,真题,8,计算机组成原理,第4章,指令系统、寻址方式、机器级程序,8
2021年计算机408统考真题. .pdf,2021,真题,8,计算机组成原理,第5章,CPU、数据通路、控制器、流水线、中断异常,6
2021年计算机408统考真题. .pdf,2021,真题,8,计算机组成原理,第6章,总线,1
2021年计算机408统考真题. .pdf,2021,真题,9,操作系统,第1章,概述、运行机制、中断/异常、系统调用、引导,12
2021年计算机408统考真题. .pdf,2021,真题,9,操作系统,第2章,进程、线程、处理机调度、同步互斥、死锁,13
2021年计算机408统考真题. .pdf,2021,真题,9,操作系统,第3章,内存管理、页表、虚拟内存、页面置换,12
2021年计算机408统考真题. .pdf,2021,真题,9,计算机组成原理,第2章,数据表示与运算,1
2021年计算机408统考真题. .pdf,2021,真题,9,计算机组成原理,第3章,存储系统、Cache、主存、虚拟存储,13
2021年计算机408统考真题. .pdf,2021,真题,9,计算机组成原理,第4章,指令系统、寻址方式、机器级程序,10
2021年计算机408统考真题. .pdf,2021,真题,9,计算机组成原理,第5章,CPU、数据通路、控制器、流水线、中断异常,13
2021年计算机408统考真题. .pdf,2021,真题,10,操作系统,第1章,概述、运行机制、中断/异常、系统调用、引导,12
2022年计算机408统考真题. .pdf,2022,真题,3,操作系统,第1章,概述、运行机制、中断/异常、系统调用、引导,1
2022年计算机408统考真题. .pdf,2022,真题,3,操作系统,第2章,进程、线程、处理机调度、同步互斥、死锁,1
2022年计算机408统考真题. .pdf,2022,真题,3,操作系统,第3章,内存管理、页表、虚拟内存、页面置换,4
2022年计算机408统考真题. .pdf,2022,真题,3,操作系统,第4章,文件系统、目录、文件分配、空闲空间管理,1
2022年计算机408统考真题. .pdf,2022,真题,3,操作系统,第5章,I/O管理、缓冲、磁盘调度、设备管理,2
2022年计算机408统考真题. .pdf,2022,真题,3,计算机组成原理,第1章,概述、性能指标、层次结构,5
2022年计算机408统考真题. .pdf,2022,真题,3,计算机组成原理,第2章,数据表示与运算,4
2022年计算机408统考真题. .pdf,2022,真题,3,计算机组成原理,第3章,存储系统、Cache、主存、虚拟存储,10
2022年计算机408统考真题. .pdf,2022,真题,3,计算机组成原理,第4章,指令系统、寻址方式、机器级程序,16
2022年计算机408统考真题. .pdf,2022,真题,3,计算机组成原理,第5章,CPU、数据通路、控制器、流水线、中断异常,3
2022年计算机408统考真题. .pdf,2022,真题,3,计算机组成原理,第6章,总线,1
2022年计算机408统考真题. .pdf,2022,真题,4,操作系统,第1章,概述、运行机制、中断/异常、系统调用、引导,12
2022年计算机408统考真题. .pdf,2022,真题,4,操作系统,第2章,进程、线程、处理机调度、同步互斥、死锁,25
2022年计算机408统考真题. .pdf,2022,真题,4,操作系统,第3章,内存管理、页表、虚拟内存、页面置换,1
2022年计算机408统考真题. .pdf,2022,真题,4,操作系统,第4章,文件系统、目录、文件分配、空闲空间管理,5
2022年计算机408统考真题. .pdf,2022,真题,4,操作系统,第5章,I/O管理、缓冲、磁盘调度、设备管理,2
2022年计算机408统考真题. .pdf,2022,真题,4,计算机组成原理,第3章,存储系统、Cache、主存、虚拟存储,1
2022年计算机408统考真题. .pdf,2022,真题,4,计算机组成原理,第4章,指令系统、寻址方式、机器级程序,6
2022年计算机408统考真题. .pdf,2022,真题,4,计算机组成原理,第5章,CPU、数据通路、控制器、流水线、中断异常,13
2022年计算机408统考真题. .pdf,2022,真题,4,计算机组成原理,第7章,输入输出系统、DMA、中断、接口,2
2022年计算机408统考真题. .pdf,2022,真题,5,操作系统,第1章,概述、运行机制、中断/异常、系统调用、引导,6
2022年计算机408统考真题. .pdf,2022,真题,5,操作系统,第2章,进程、线程、处理机调度、同步互斥、死锁,3
2022年计算机408统考真题. .pdf,2022,真题,5,操作系统,第3章,内存管理、页表、虚拟内存、页面置换,5
2022年计算机408统考真题. .pdf,2022,真题,5,操作系统,第5章,I/O管理、缓冲、磁盘调度、设备管理,4
2022年计算机408统考真题. .pdf,2022,真题,5,计算机组成原理,第5章,CPU、数据通路、控制器、流水线、中断异常,6
2022年计算机408统考真题. .pdf,2022,真题,5,计算机组成原理,第6章,总线,1
2022年计算机408统考真题. .pdf,2022,真题,5,计算机组成原理,第7章,输入输出系统、DMA、中断、接口,8
2022年计算机408统考真题. .pdf,2022,真题,6,操作系统,第4章,文件系统、目录、文件分配、空闲空间管理,3
2022年计算机408统考真题. .pdf,2022,真题,6,计算机组成原理,第2章,数据表示与运算,1
2022年计算机408统考真题. .pdf,2022,真题,6,计算机组成原理,第3章,存储系统、Cache、主存、虚拟存储,2
2022年计算机408统考真题. .pdf,2022,真题,6,计算机组成原理,第5章,CPU、数据通路、控制器、流水线、中断异常,8
2022年计算机408统考真题. .pdf,2022,真题,6,计算机组成原理,第6章,总线,2
2022年计算机408统考真题. .pdf,2022,真题,8,操作系统,第4章,文件系统、目录、文件分配、空闲空间管理,16
2022年计算机408统考真题. .pdf,2022,真题,8,操作系统,第5章,I/O管理、缓冲、磁盘调度、设备管理,5
2022年计算机408统考真题. .pdf,2022,真题,8,计算机组成原理,第1章,概述、性能指标、层次结构,2
2022年计算机408统考真题. .pdf,2022,真题,8,计算机组成原理,第2章,数据表示与运算,2
2022年计算机408统考真题. .pdf,2022,真题,8,计算机组成原理,第3章,存储系统、Cache、主存、虚拟存储,3
2022年计算机408统考真题. .pdf,2022,真题,8,计算机组成原理,第4章,指令系统、寻址方式、机器级程序,2
2022年计算机408统考真题. .pdf,2022,真题,8,计算机组成原理,第5章,CPU、数据通路、控制器、流水线、中断异常,14
2022年计算机408统考真题. .pdf,2022,真题,8,计算机组成原理,第6章,总线,3
2022年计算机408统考真题. .pdf,2022,真题,8,计算机组成原理,第7章,输入输出系统、DMA、中断、接口,10
2022年计算机408统考真题. .pdf,2022,真题,9,操作系统,第2章,进程、线程、处理机调度、同步互斥、死锁,6
2022年计算机408统考真题. .pdf,2022,真题,9,操作系统,第4章,文件系统、目录、文件分配、空闲空间管理,13
2022年计算机408统考真题. .pdf,2022,真题,9,操作系统,第5章,I/O管理、缓冲、磁盘调度、设备管理,5
2022年计算机408统考真题. .pdf,2022,真题,9,计算机组成原理,第5章,CPU、数据通路、控制器、流水线、中断异常,1
2022年计算机408统考真题. .pdf,2022,真题,9,计算机组成原理,第7章,输入输出系统、DMA、中断、接口,10
2023年计算机408统考真题. .pdf,2023,真题,1,操作系统,第2章,进程、线程、处理机调度、同步互斥、死锁,1
2023年计算机408统考真题. .pdf,2023,真题,3,计算机组成原理,第2章,数据表示与运算,1
2023年计算机408统考真题. .pdf,2023,真题,3,计算机组成原理,第5章,CPU、数据通路、控制器、流水线、中断异常,2
2023年计算机408统考真题. .pdf,2023,真题,4,计算机组成原理,第2章,数据表示与运算,1
2023年计算机408统考真题. .pdf,2023,真题,4,计算机组成原理,第5章,CPU、数据通路、控制器、流水线、中断异常,1
2023年计算机408统考真题. .pdf,2023,真题,5,操作系统,第1章,概述、运行机制、中断/异常、系统调用、引导,2
2023年计算机408统考真题. .pdf,2023,真题,5,计算机组成原理,第4章,指令系统、寻址方式、机器级程序,2
2023年计算机408统考真题. .pdf,2023,真题,5,计算机组成原理,第5章,CPU、数据通路、控制器、流水线、中断异常,5
2023年计算机408统考真题. .pdf,2023,真题,6,操作系统,第1章,概述、运行机制、中断/异常、系统调用、引导,1
2023年计算机408统考真题. .pdf,2023,真题,6,操作系统,第3章,内存管理、页表、虚拟内存、页面置换,1
2023年计算机408统考真题. .pdf,2023,真题,6,计算机组成原理,第5章,CPU、数据通路、控制器、流水线、中断异常,2
2023年计算机408统考真题. .pdf,2023,真题,7,计算机组成原理,第5章,CPU、数据通路、控制器、流水线、中断异常,1
2023年计算机408统考真题. .pdf,2023,真题,11,计算机组成原理,第5章,CPU、数据通路、控制器、流水线、中断异常,1
2009年计算机408统考真题解析. .pdf,2009,解析/答案,1,操作系统,第1章,概述、运行机制、中断/异常、系统调用、引导,1
2009年计算机408统考真题解析. .pdf,2009,解析/答案,1,操作系统,第5章,I/O管理、缓冲、磁盘调度、设备管理,4
2009年计算机408统考真题解析. .pdf,2009,解析/答案,1,计算机组成原理,第7章,输入输出系统、DMA、中断、接口,1
2009年计算机408统考真题解析. .pdf,2009,解析/答案,3,计算机组成原理,第2章,数据表示与运算,7
2009年计算机408统考真题解析. .pdf,2009,解析/答案,3,计算机组成原理,第3章,存储系统、Cache、主存、虚拟存储,1
2009年计算机408统考真题解析. .pdf,2009,解析/答案,3,计算机组成原理,第4章,指令系统、寻址方式、机器级程序,7
2009年计算机408统考真题解析. .pdf,2009,解析/答案,3,计算机组成原理,第5章,CPU、数据通路、控制器、流水线、中断异常,2
2009年计算机408统考真题解析. .pdf,2009,解析/答案,4,计算机组成原理,第1章,概述、性能指标、层次结构,2
2009年计算机408统考真题解析. .pdf,2009,解析/答案,4,计算机组成原理,第2章,数据表示与运算,4
2009年计算机408统考真题解析. .pdf,2009,解析/答案,4,计算机组成原理,第3章,存储系统、Cache、主存、虚拟存储,14
2009年计算机408统考真题解析. .pdf,2009,解析/答案,4,计算机组成原理,第4章,指令系统、寻址方式、机器级程序,20
2009年计算机408统考真题解析. .pdf,2009,解析/答案,4,计算机组成原理,第5章,CPU、数据通路、控制器、流水线、中断异常,21
2009年计算机408统考真题解析. .pdf,2009,解析/答案,4,计算机组成原理,第6章,总线,7
2009年计算机408统考真题解析. .pdf,2009,解析/答案,5,操作系统,第1章,概述、运行机制、中断/异常、系统调用、引导,12
2009年计算机408统考真题解析. .pdf,2009,解析/答案,5,操作系统,第2章,进程、线程、处理机调度、同步互斥、死锁,18
2009年计算机408统考真题解析. .pdf,2009,解析/答案,5,操作系统,第3章,内存管理、页表、虚拟内存、页面置换,3
2009年计算机408统考真题解析. .pdf,2009,解析/答案,5,操作系统,第4章,文件系统、目录、文件分配、空闲空间管理,12
2009年计算机408统考真题解析. .pdf,2009,解析/答案,5,操作系统,第5章,I/O管理、缓冲、磁盘调度、设备管理,5
2009年计算机408统考真题解析. .pdf,2009,解析/答案,5,计算机组成原理,第2章,数据表示与运算,1
2009年计算机408统考真题解析. .pdf,2009,解析/答案,5,计算机组成原理,第3章,存储系统、Cache、主存、虚拟存储,2
2009年计算机408统考真题解析. .pdf,2009,解析/答案,5,计算机组成原理,第4章,指令系统、寻址方式、机器级程序,2
2009年计算机408统考真题解析. .pdf,2009,解析/答案,5,计算机组成原理,第5章,CPU、数据通路、控制器、流水线、中断异常,18
2009年计算机408统考真题解析. .pdf,2009,解析/答案,5,计算机组成原理,第7章,输入输出系统、DMA、中断、接口,3
2009年计算机408统考真题解析. .pdf,2009,解析/答案,6,操作系统,第1章,概述、运行机制、中断/异常、系统调用、引导,2
2009年计算机408统考真题解析. .pdf,2009,解析/答案,6,操作系统,第2章,进程、线程、处理机调度、同步互斥、死锁,1
2009年计算机408统考真题解析. .pdf,2009,解析/答案,6,操作系统,第3章,内存管理、页表、虚拟内存、页面置换,2
2009年计算机408统考真题解析. .pdf,2009,解析/答案,6,操作系统,第4章,文件系统、目录、文件分配、空闲空间管理,4
2009年计算机408统考真题解析. .pdf,2009,解析/答案,6,操作系统,第5章,I/O管理、缓冲、磁盘调度、设备管理,9
2009年计算机408统考真题解析. .pdf,2009,解析/答案,6,计算机组成原理,第5章,CPU、数据通路、控制器、流水线、中断异常,2
2009年计算机408统考真题解析. .pdf,2009,解析/答案,6,计算机组成原理,第7章,输入输出系统、DMA、中断、接口,8
2009年计算机408统考真题解析. .pdf,2009,解析/答案,7,操作系统,第4章,文件系统、目录、文件分配、空闲空间管理,1
2009年计算机408统考真题解析. .pdf,2009,解析/答案,8,操作系统,第1章,概述、运行机制、中断/异常、系统调用、引导,4
2009年计算机408统考真题解析. .pdf,2009,解析/答案,8,操作系统,第2章,进程、线程、处理机调度、同步互斥、死锁,1
2009年计算机408统考真题解析. .pdf,2009,解析/答案,8,操作系统,第5章,I/O管理、缓冲、磁盘调度、设备管理,4
2009年计算机408统考真题解析. .pdf,2009,解析/答案,8,计算机组成原理,第1章,概述、性能指标、层次结构,5
2009年计算机408统考真题解析. .pdf,2009,解析/答案,8,计算机组成原理,第5章,CPU、数据通路、控制器、流水线、中断异常,14
2009年计算机408统考真题解析. .pdf,2009,解析/答案,8,计算机组成原理,第7章,输入输出系统、DMA、中断、接口,5
2009年计算机408统考真题解析. .pdf,2009,解析/答案,9,计算机组成原理,第2章,数据表示与运算,1
2009年计算机408统考真题解析. .pdf,2009,解析/答案,9,计算机组成原理,第3章,存储系统、Cache、主存、虚拟存储,8
2009年计算机408统考真题解析. .pdf,2009,解析/答案,9,计算机组成原理,第4章,指令系统、寻址方式、机器级程序,7
2009年计算机408统考真题解析. .pdf,2009,解析/答案,9,计算机组成原理,第5章,CPU、数据通路、控制器、流水线、中断异常,66
2009年计算机408统考真题解析. .pdf,2009,解析/答案,9,计算机组成原理,第6章,总线,1
2009年计算机408统考真题解析. .pdf,2009,解析/答案,10,操作系统,第2章,进程、线程、处理机调度、同步互斥、死锁,12
2009年计算机408统考真题解析. .pdf,2009,解析/答案,10,操作系统,第5章,I/O管理、缓冲、磁盘调度、设备管理,9
2009年计算机408统考真题解析. .pdf,2009,解析/答案,11,操作系统,第1章,概述、运行机制、中断/异常、系统调用、引导,2
2009年计算机408统考真题解析. .pdf,2009,解析/答案,11,操作系统,第3章,内存管理、页表、虚拟内存、页面置换,14
2009年计算机408统考真题解析. .pdf,2009,解析/答案,11,计算机组成原理,第3章,存储系统、Cache、主存、虚拟存储,3
2009年计算机408统考真题解析. .pdf,2009,解析/答案,11,计算机组成原理,第5章,CPU、数据通路、控制器、流水线、中断异常,10
2009年计算机408统考真题解析. .pdf,2009,解析/答案,11,计算机组成原理,第7章,输入输出系统、DMA、中断、接口,7
2009年计算机408统考真题解析. .pdf,2009,解析/答案,12,计算机组成原理,第5章,CPU、数据通路、控制器、流水线、中断异常,2
2009年计算机408统考真题解析. .pdf,2009,解析/答案,12,计算机组成原理,第7章,输入输出系统、DMA、中断、接口,2
2010年计算机408统考真题解析. .pdf,2010,解析/答案,3,计算机组成原理,第1章,概述、性能指标、层次结构,3
2010年计算机408统考真题解析. .pdf,2010,解析/答案,3,计算机组成原理,第2章,数据表示与运算,7
2010年计算机408统考真题解析. .pdf,2010,解析/答案,3,计算机组成原理,第3章,存储系统、Cache、主存、虚拟存储,1
2010年计算机408统考真题解析. .pdf,2010,解析/答案,3,计算机组成原理,第4章,指令系统、寻址方式、机器级程序,9
2010年计算机408统考真题解析. .pdf,2010,解析/答案,3,计算机组成原理,第5章,CPU、数据通路、控制器、流水线、中断异常,9
2010年计算机408统考真题解析. .pdf,2010,解析/答案,4,操作系统,第3章,内存管理、页表、虚拟内存、页面置换,13
2010年计算机408统考真题解析. .pdf,2010,解析/答案,4,计算机组成原理,第1章,概述、性能指标、层次结构,4
2010年计算机408统考真题解析. .pdf,2010,解析/答案,4,计算机组成原理,第3章,存储系统、Cache、主存、虚拟存储,36
2010年计算机408统考真题解析. .pdf,2010,解析/答案,4,计算机组成原理,第4章,指令系统、寻址方式、机器级程序,19
2010年计算机408统考真题解析. .pdf,2010,解析/答案,4,计算机组成原理,第5章,CPU、数据通路、控制器、流水线、中断异常,21
2010年计算机408统考真题解析. .pdf,2010,解析/答案,4,计算机组成原理,第6章,总线,1
2010年计算机408统考真题解析. .pdf,2010,解析/答案,5,操作系统,第1章,概述、运行机制、中断/异常、系统调用、引导,22
2010年计算机408统考真题解析. .pdf,2010,解析/答案,5,操作系统,第2章,进程、线程、处理机调度、同步互斥、死锁,30
2010年计算机408统考真题解析. .pdf,2010,解析/答案,5,操作系统,第5章,I/O管理、缓冲、磁盘调度、设备管理,1
2010年计算机408统考真题解析. .pdf,2010,解析/答案,5,计算机组成原理,第4章,指令系统、寻址方式、机器级程序,2
2010年计算机408统考真题解析. .pdf,2010,解析/答案,5,计算机组成原理,第5章,CPU、数据通路、控制器、流水线、中断异常,12
2010年计算机408统考真题解析. .pdf,2010,解析/答案,5,计算机组成原理,第6章,总线,3
2010年计算机408统考真题解析. .pdf,2010,解析/答案,5,计算机组成原理,第7章,输入输出系统、DMA、中断、接口,3
2010年计算机408统考真题解析. .pdf,2010,解析/答案,6,操作系统,第1章,概述、运行机制、中断/异常、系统调用、引导,3
2010年计算机408统考真题解析. .pdf,2010,解析/答案,6,操作系统,第2章,进程、线程、处理机调度、同步互斥、死锁,9
2010年计算机408统考真题解析. .pdf,2010,解析/答案,6,操作系统,第3章,内存管理、页表、虚拟内存、页面置换,5
2010年计算机408统考真题解析. .pdf,2010,解析/答案,6,操作系统,第4章,文件系统、目录、文件分配、空闲空间管理,18
2010年计算机408统考真题解析. .pdf,2010,解析/答案,6,操作系统,第5章,I/O管理、缓冲、磁盘调度、设备管理,1
2010年计算机408统考真题解析. .pdf,2010,解析/答案,6,计算机组成原理,第1章,概述、性能指标、层次结构,1
2010年计算机408统考真题解析. .pdf,2010,解析/答案,6,计算机组成原理,第5章,CPU、数据通路、控制器、流水线、中断异常,3
2010年计算机408统考真题解析. .pdf,2010,解析/答案,6,计算机组成原理,第7章,输入输出系统、DMA、中断、接口,5
2010年计算机408统考真题解析. .pdf,2010,解析/答案,7,操作系统,第4章,文件系统、目录、文件分配、空闲空间管理,3
2010年计算机408统考真题解析. .pdf,2010,解析/答案,7,操作系统,第5章,I/O管理、缓冲、磁盘调度、设备管理,2
2010年计算机408统考真题解析. .pdf,2010,解析/答案,7,计算机组成原理,第5章,CPU、数据通路、控制器、流水线、中断异常,4
2010年计算机408统考真题解析. .pdf,2010,解析/答案,7,计算机组成原理,第7章,输入输出系统、DMA、中断、接口,2
2010年计算机408统考真题解析. .pdf,2010,解析/答案,9,计算机组成原理,第3章,存储系统、Cache、主存、虚拟存储,13
2010年计算机408统考真题解析. .pdf,2010,解析/答案,9,计算机组成原理,第4章,指令系统、寻址方式、机器级程序,9
2010年计算机408统考真题解析. .pdf,2010,解析/答案,9,计算机组成原理,第5章,CPU、数据通路、控制器、流水线、中断异常,7
2010年计算机408统考真题解析. .pdf,2010,解析/答案,10,操作系统,第2章,进程、线程、处理机调度、同步互斥、死锁,1
2010年计算机408统考真题解析. .pdf,2010,解析/答案,10,操作系统,第4章,文件系统、目录、文件分配、空闲空间管理,3
2010年计算机408统考真题解析. .pdf,2010,解析/答案,10,操作系统,第5章,I/O管理、缓冲、磁盘调度、设备管理,1
2010年计算机408统考真题解析. .pdf,2010,解析/答案,10,计算机组成原理,第3章,存储系统、Cache、主存、虚拟存储,25
2010年计算机408统考真题解析. .pdf,2010,解析/答案,10,计算机组成原理,第7章,输入输出系统、DMA、中断、接口,2
2010年计算机408统考真题解析. .pdf,2010,解析/答案,11,操作系统,第2章,进程、线程、处理机调度、同步互斥、死锁,1
2010年计算机408统考真题解析. .pdf,2010,解析/答案,11,操作系统,第3章,内存管理、页表、虚拟内存、页面置换,7
2010年计算机408统考真题解析. .pdf,2010,解析/答案,11,计算机组成原理,第3章,存储系统、Cache、主存、虚拟存储,3
2010年计算机408统考真题解析. .pdf,2010,解析/答案,11,计算机组成原理,第4章,指令系统、寻址方式、机器级程序,1
2011年计算机408统考真题解析. .pdf,2011,解析/答案,3,计算机组成原理,第1章,概述、性能指标、层次结构,7
2011年计算机408统考真题解析. .pdf,2011,解析/答案,3,计算机组成原理,第2章,数据表示与运算,9
2011年计算机408统考真题解析. .pdf,2011,解析/答案,3,计算机组成原理,第3章,存储系统、Cache、主存、虚拟存储,7
2011年计算机408统考真题解析. .pdf,2011,解析/答案,3,计算机组成原理,第4章,指令系统、寻址方式、机器级程序,10
2011年计算机408统考真题解析. .pdf,2011,解析/答案,3,计算机组成原理,第5章,CPU、数据通路、控制器、流水线、中断异常,7
2011年计算机408统考真题解析. .pdf,2011,解析/答案,4,操作系统,第1章,概述、运行机制、中断/异常、系统调用、引导,16
2011年计算机408统考真题解析. .pdf,2011,解析/答案,4,操作系统,第2章,进程、线程、处理机调度、同步互斥、死锁,20
2011年计算机408统考真题解析. .pdf,2011,解析/答案,4,操作系统,第3章,内存管理、页表、虚拟内存、页面置换,1
2011年计算机408统考真题解析. .pdf,2011,解析/答案,4,操作系统,第4章,文件系统、目录、文件分配、空闲空间管理,1
2011年计算机408统考真题解析. .pdf,2011,解析/答案,4,操作系统,第5章,I/O管理、缓冲、磁盘调度、设备管理,3
2011年计算机408统考真题解析. .pdf,2011,解析/答案,4,计算机组成原理,第1章,概述、性能指标、层次结构,4
2011年计算机408统考真题解析. .pdf,2011,解析/答案,4,计算机组成原理,第2章,数据表示与运算,1
2011年计算机408统考真题解析. .pdf,2011,解析/答案,4,计算机组成原理,第3章,存储系统、Cache、主存、虚拟存储,1
2011年计算机408统考真题解析. .pdf,2011,解析/答案,4,计算机组成原理,第4章,指令系统、寻址方式、机器级程序,18
2011年计算机408统考真题解析. .pdf,2011,解析/答案,4,计算机组成原理,第5章,CPU、数据通路、控制器、流水线、中断异常,26
2011年计算机408统考真题解析. .pdf,2011,解析/答案,4,计算机组成原理,第6章,总线,3
2011年计算机408统考真题解析. .pdf,2011,解析/答案,4,计算机组成原理,第7章,输入输出系统、DMA、中断、接口,4
2011年计算机408统考真题解析. .pdf,2011,解析/答案,5,操作系统,第1章,概述、运行机制、中断/异常、系统调用、引导,9
2011年计算机408统考真题解析. .pdf,2011,解析/答案,5,操作系统,第2章,进程、线程、处理机调度、同步互斥、死锁,6
2011年计算机408统考真题解析. .pdf,2011,解析/答案,5,操作系统,第3章,内存管理、页表、虚拟内存、页面置换,23
2011年计算机408统考真题解析. .pdf,2011,解析/答案,5,操作系统,第4章,文件系统、目录、文件分配、空闲空间管理,9
2011年计算机408统考真题解析. .pdf,2011,解析/答案,5,操作系统,第5章,I/O管理、缓冲、磁盘调度、设备管理,5
2011年计算机408统考真题解析. .pdf,2011,解析/答案,5,计算机组成原理,第1章,概述、性能指标、层次结构,1
2011年计算机408统考真题解析. .pdf,2011,解析/答案,5,计算机组成原理,第4章,指令系统、寻址方式、机器级程序,3
2011年计算机408统考真题解析. .pdf,2011,解析/答案,5,计算机组成原理,第5章,CPU、数据通路、控制器、流水线、中断异常,5
2011年计算机408统考真题解析. .pdf,2011,解析/答案,5,计算机组成原理,第6章,总线,1
2011年计算机408统考真题解析. .pdf,2011,解析/答案,5,计算机组成原理,第7章,输入输出系统、DMA、中断、接口,6
2011年计算机408统考真题解析. .pdf,2011,解析/答案,6,操作系统,第1章,概述、运行机制、中断/异常、系统调用、引导,1
2011年计算机408统考真题解析. .pdf,2011,解析/答案,6,操作系统,第3章,内存管理、页表、虚拟内存、页面置换,3
2011年计算机408统考真题解析. .pdf,2011,解析/答案,6,操作系统,第4章,文件系统、目录、文件分配、空闲空间管理,6
2011年计算机408统考真题解析. .pdf,2011,解析/答案,6,操作系统,第5章,I/O管理、缓冲、磁盘调度、设备管理,7
2011年计算机408统考真题解析. .pdf,2011,解析/答案,6,计算机组成原理,第3章,存储系统、Cache、主存、虚拟存储,1
2011年计算机408统考真题解析. .pdf,2011,解析/答案,6,计算机组成原理,第4章,指令系统、寻址方式、机器级程序,1
2011年计算机408统考真题解析. .pdf,2011,解析/答案,6,计算机组成原理,第7章,输入输出系统、DMA、中断、接口,7
2011年计算机408统考真题解析. .pdf,2011,解析/答案,7,操作系统,第2章,进程、线程、处理机调度、同步互斥、死锁,2
2011年计算机408统考真题解析. .pdf,2011,解析/答案,10,操作系统,第3章,内存管理、页表、虚拟内存、页面置换,6
2011年计算机408统考真题解析. .pdf,2011,解析/答案,10,计算机组成原理,第2章,数据表示与运算,19
2011年计算机408统考真题解析. .pdf,2011,解析/答案,10,计算机组成原理,第3章,存储系统、Cache、主存、虚拟存储,10
2011年计算机408统考真题解析. .pdf,2011,解析/答案,11,操作系统,第2章,进程、线程、处理机调度、同步互斥、死锁,9
2011年计算机408统考真题解析. .pdf,2011,解析/答案,11,操作系统,第3章,内存管理、页表、虚拟内存、页面置换,17
2011年计算机408统考真题解析. .pdf,2011,解析/答案,11,操作系统,第4章,文件系统、目录、文件分配、空闲空间管理,7
2011年计算机408统考真题解析. .pdf,2011,解析/答案,11,计算机组成原理,第3章,存储系统、Cache、主存、虚拟存储,15
2011年计算机408统考真题解析. .pdf,2011,解析/答案,11,计算机组成原理,第7章,输入输出系统、DMA、中断、接口,3
2011年计算机408统考真题解析. .pdf,2011,解析/答案,12,操作系统,第2章,进程、线程、处理机调度、同步互斥、死锁,1
2011年计算机408统考真题解析. .pdf,2011,解析/答案,12,计算机组成原理,第3章,存储系统、Cache、主存、虚拟存储,1
2011年计算机408统考真题解析. .pdf,2011,解析/答案,12,计算机组成原理,第4章,指令系统、寻址方式、机器级程序,1
2011年计算机408统考真题解析. .pdf,2011,解析/答案,12,计算机组成原理,第5章,CPU、数据通路、控制器、流水线、中断异常,1
2012年计算机408统考真题解析. .pdf,2012,解析/答案,1,操作系统,第2章,进程、线程、处理机调度、同步互斥、死锁,3
2012年计算机408统考真题解析. .pdf,2012,解析/答案,4,计算机组成原理,第1章,概述、性能指标、层次结构,2
2012年计算机408统考真题解析. .pdf,2012,解析/答案,4,计算机组成原理,第2章,数据表示与运算,10
2012年计算机408统考真题解析. .pdf,2012,解析/答案,4,计算机组成原理,第5章,CPU、数据通路、控制器、流水线、中断异常,4
2012年计算机408统考真题解析. .pdf,2012,解析/答案,5,操作系统,第2章,进程、线程、处理机调度、同步互斥、死锁,2
2012年计算机408统考真题解析. .pdf,2012,解析/答案,5,操作系统,第5章,I/O管理、缓冲、磁盘调度、设备管理,1
2012年计算机408统考真题解析. .pdf,2012,解析/答案,5,计算机组成原理,第1章,概述、性能指标、层次结构,1
2012年计算机408统考真题解析. .pdf,2012,解析/答案,5,计算机组成原理,第3章,存储系统、Cache、主存、虚拟存储,12
2012年计算机408统考真题解析. .pdf,2012,解析/答案,5,计算机组成原理,第5章,CPU、数据通路、控制器、流水线、中断异常,1
2012年计算机408统考真题解析. .pdf,2012,解析/答案,5,计算机组成原理,第6章,总线,5
2012年计算机408统考真题解析. .pdf,2012,解析/答案,5,计算机组成原理,第7章,输入输出系统、DMA、中断、接口,1
2012年计算机408统考真题解析. .pdf,2012,解析/答案,6,操作系统,第1章,概述、运行机制、中断/异常、系统调用、引导,24
2012年计算机408统考真题解析. .pdf,2012,解析/答案,6,操作系统,第2章,进程、线程、处理机调度、同步互斥、死锁,5
2012年计算机408统考真题解析. .pdf,2012,解析/答案,6,操作系统,第3章,内存管理、页表、虚拟内存、页面置换,6
2012年计算机408统考真题解析. .pdf,2012,解析/答案,6,操作系统,第4章,文件系统、目录、文件分配、空闲空间管理,1
2012年计算机408统考真题解析. .pdf,2012,解析/答案,6,操作系统,第5章,I/O管理、缓冲、磁盘调度、设备管理,3
2012年计算机408统考真题解析. .pdf,2012,解析/答案,6,计算机组成原理,第3章,存储系统、Cache、主存、虚拟存储,2
2012年计算机408统考真题解析. .pdf,2012,解析/答案,6,计算机组成原理,第4章,指令系统、寻址方式、机器级程序,4
2012年计算机408统考真题解析. .pdf,2012,解析/答案,6,计算机组成原理,第5章,CPU、数据通路、控制器、流水线、中断异常,24
2012年计算机408统考真题解析. .pdf,2012,解析/答案,6,计算机组成原理,第6章,总线,2
2012年计算机408统考真题解析. .pdf,2012,解析/答案,6,计算机组成原理,第7章,输入输出系统、DMA、中断、接口,7
2012年计算机408统考真题解析. .pdf,2012,解析/答案,7,操作系统,第1章,概述、运行机制、中断/异常、系统调用、引导,4
2012年计算机408统考真题解析. .pdf,2012,解析/答案,7,操作系统,第2章,进程、线程、处理机调度、同步互斥、死锁,22
2012年计算机408统考真题解析. .pdf,2012,解析/答案,7,操作系统,第3章,内存管理、页表、虚拟内存、页面置换,1
2012年计算机408统考真题解析. .pdf,2012,解析/答案,7,操作系统,第4章,文件系统、目录、文件分配、空闲空间管理,10
2012年计算机408统考真题解析. .pdf,2012,解析/答案,7,操作系统,第5章,I/O管理、缓冲、磁盘调度、设备管理,4
2012年计算机408统考真题解析. .pdf,2012,解析/答案,7,计算机组成原理,第1章,概述、性能指标、层次结构,4
2012年计算机408统考真题解析. .pdf,2012,解析/答案,7,计算机组成原理,第5章,CPU、数据通路、控制器、流水线、中断异常,9
2012年计算机408统考真题解析. .pdf,2012,解析/答案,7,计算机组成原理,第7章,输入输出系统、DMA、中断、接口,5
2012年计算机408统考真题解析. .pdf,2012,解析/答案,9,操作系统,第2章,进程、线程、处理机调度、同步互斥、死锁,3
2012年计算机408统考真题解析. .pdf,2012,解析/答案,10,操作系统,第1章,概述、运行机制、中断/异常、系统调用、引导,1
2012年计算机408统考真题解析. .pdf,2012,解析/答案,10,操作系统,第2章,进程、线程、处理机调度、同步互斥、死锁,1
2012年计算机408统考真题解析. .pdf,2012,解析/答案,10,操作系统,第3章,内存管理、页表、虚拟内存、页面置换,1
2012年计算机408统考真题解析. .pdf,2012,解析/答案,10,操作系统,第5章,I/O管理、缓冲、磁盘调度、设备管理,8
2012年计算机408统考真题解析. .pdf,2012,解析/答案,10,计算机组成原理,第1章,概述、性能指标、层次结构,9
2012年计算机408统考真题解析. .pdf,2012,解析/答案,10,计算机组成原理,第3章,存储系统、Cache、主存、虚拟存储,14
2012年计算机408统考真题解析. .pdf,2012,解析/答案,10,计算机组成原理,第4章,指令系统、寻址方式、机器级程序,13
2012年计算机408统考真题解析. .pdf,2012,解析/答案,10,计算机组成原理,第5章,CPU、数据通路、控制器、流水线、中断异常,16
2012年计算机408统考真题解析. .pdf,2012,解析/答案,10,计算机组成原理,第6章,总线,5
2012年计算机408统考真题解析. .pdf,2012,解析/答案,10,计算机组成原理,第7章,输入输出系统、DMA、中断、接口,10
2012年计算机408统考真题解析. .pdf,2012,解析/答案,11,操作系统,第3章,内存管理、页表、虚拟内存、页面置换,3
2012年计算机408统考真题解析. .pdf,2012,解析/答案,11,操作系统,第4章,文件系统、目录、文件分配、空闲空间管理,23
2012年计算机408统考真题解析. .pdf,2012,解析/答案,11,计算机组成原理,第1章,概述、性能指标、层次结构,1
2012年计算机408统考真题解析. .pdf,2012,解析/答案,11,计算机组成原理,第3章,存储系统、Cache、主存、虚拟存储,1
2012年计算机408统考真题解析. .pdf,2012,解析/答案,11,计算机组成原理,第4章,指令系统、寻址方式、机器级程序,1
2012年计算机408统考真题解析. .pdf,2012,解析/答案,11,计算机组成原理,第7章,输入输出系统、DMA、中断、接口,6
2013年计算机408统考真题解析. .pdf,2013,解析/答案,3,操作系统,第3章,内存管理、页表、虚拟内存、页面置换,4
2013年计算机408统考真题解析. .pdf,2013,解析/答案,3,计算机组成原理,第1章,概述、性能指标、层次结构,3
2013年计算机408统考真题解析. .pdf,2013,解析/答案,3,计算机组成原理,第2章,数据表示与运算,6
2013年计算机408统考真题解析. .pdf,2013,解析/答案,4,操作系统,第1章,概述、运行机制、中断/异常、系统调用、引导,3
2013年计算机408统考真题解析. .pdf,2013,解析/答案,4,操作系统,第2章,进程、线程、处理机调度、同步互斥、死锁,1
2013年计算机408统考真题解析. .pdf,2013,解析/答案,4,操作系统,第5章,I/O管理、缓冲、磁盘调度、设备管理,11
2013年计算机408统考真题解析. .pdf,2013,解析/答案,4,计算机组成原理,第1章,概述、性能指标、层次结构,4
2013年计算机408统考真题解析. .pdf,2013,解析/答案,4,计算机组成原理,第3章,存储系统、Cache、主存、虚拟存储,1
2013年计算机408统考真题解析. .pdf,2013,解析/答案,4,计算机组成原理,第4章,指令系统、寻址方式、机器级程序,4
2013年计算机408统考真题解析. .pdf,2013,解析/答案,4,计算机组成原理,第5章,CPU、数据通路、控制器、流水线、中断异常,18
2013年计算机408统考真题解析. .pdf,2013,解析/答案,4,计算机组成原理,第6章,总线,4
2013年计算机408统考真题解析. .pdf,2013,解析/答案,4,计算机组成原理,第7章,输入输出系统、DMA、中断、接口,20
2013年计算机408统考真题解析. .pdf,2013,解析/答案,5,操作系统,第1章,概述、运行机制、中断/异常、系统调用、引导,7
2013年计算机408统考真题解析. .pdf,2013,解析/答案,5,操作系统,第2章,进程、线程、处理机调度、同步互斥、死锁,15
2013年计算机408统考真题解析. .pdf,2013,解析/答案,5,操作系统,第3章,内存管理、页表、虚拟内存、页面置换,3
2013年计算机408统考真题解析. .pdf,2013,解析/答案,5,操作系统,第4章,文件系统、目录、文件分配、空闲空间管理,19
2013年计算机408统考真题解析. .pdf,2013,解析/答案,5,操作系统,第5章,I/O管理、缓冲、磁盘调度、设备管理,4
2013年计算机408统考真题解析. .pdf,2013,解析/答案,5,计算机组成原理,第1章,概述、性能指标、层次结构,1
2013年计算机408统考真题解析. .pdf,2013,解析/答案,5,计算机组成原理,第5章,CPU、数据通路、控制器、流水线、中断异常,5
2013年计算机408统考真题解析. .pdf,2013,解析/答案,5,计算机组成原理,第7章,输入输出系统、DMA、中断、接口,4
2013年计算机408统考真题解析. .pdf,2013,解析/答案,6,操作系统,第1章,概述、运行机制、中断/异常、系统调用、引导,1
2013年计算机408统考真题解析. .pdf,2013,解析/答案,6,操作系统,第4章,文件系统、目录、文件分配、空闲空间管理,1
2013年计算机408统考真题解析. .pdf,2013,解析/答案,6,计算机组成原理,第5章,CPU、数据通路、控制器、流水线、中断异常,3
2013年计算机408统考真题解析. .pdf,2013,解析/答案,8,操作系统,第1章,概述、运行机制、中断/异常、系统调用、引导,1
2013年计算机408统考真题解析. .pdf,2013,解析/答案,8,计算机组成原理,第1章,概述、性能指标、层次结构,6
2013年计算机408统考真题解析. .pdf,2013,解析/答案,8,计算机组成原理,第3章,存储系统、Cache、主存、虚拟存储,3
2013年计算机408统考真题解析. .pdf,2013,解析/答案,8,计算机组成原理,第5章,CPU、数据通路、控制器、流水线、中断异常,1
2013年计算机408统考真题解析. .pdf,2013,解析/答案,8,计算机组成原理,第6章,总线,10
2013年计算机408统考真题解析. .pdf,2013,解析/答案,9,操作系统,第2章,进程、线程、处理机调度、同步互斥、死锁,4
2013年计算机408统考真题解析. .pdf,2013,解析/答案,9,计算机组成原理,第1章,概述、性能指标、层次结构,2
2013年计算机408统考真题解析. .pdf,2013,解析/答案,9,计算机组成原理,第2章,数据表示与运算,5
2013年计算机408统考真题解析. .pdf,2013,解析/答案,9,计算机组成原理,第3章,存储系统、Cache、主存、虚拟存储,4
2013年计算机408统考真题解析. .pdf,2013,解析/答案,9,计算机组成原理,第4章,指令系统、寻址方式、机器级程序,16
2013年计算机408统考真题解析. .pdf,2013,解析/答案,9,计算机组成原理,第5章,CPU、数据通路、控制器、流水线、中断异常,13
2013年计算机408统考真题解析. .pdf,2013,解析/答案,9,计算机组成原理,第6章,总线,3
2013年计算机408统考真题解析. .pdf,2013,解析/答案,10,操作系统,第2章,进程、线程、处理机调度、同步互斥、死锁,2
2013年计算机408统考真题解析. .pdf,2013,解析/答案,10,操作系统,第3章,内存管理、页表、虚拟内存、页面置换,14
2013年计算机408统考真题解析. .pdf,2013,解析/答案,10,操作系统,第4章,文件系统、目录、文件分配、空闲空间管理,3
2013年计算机408统考真题解析. .pdf,2013,解析/答案,10,计算机组成原理,第3章,存储系统、Cache、主存、虚拟存储,1
2013年计算机408统考真题解析. .pdf,2013,解析/答案,10,计算机组成原理,第4章,指令系统、寻址方式、机器级程序,1
2013年计算机408统考真题解析. .pdf,2013,解析/答案,10,计算机组成原理,第7章,输入输出系统、DMA、中断、接口,4
2013年计算机408统考真题解析. .pdf,2013,解析/答案,11,计算机组成原理,第5章,CPU、数据通路、控制器、流水线、中断异常,1
2013年计算机408统考真题解析. .pdf,2013,解析/答案,11,计算机组成原理,第7章,输入输出系统、DMA、中断、接口,1
2014年计算机408统考真题解析. .pdf,2014,解析/答案,1,操作系统,第2章,进程、线程、处理机调度、同步互斥、死锁,6
2014年计算机408统考真题解析. .pdf,2014,解析/答案,2,操作系统,第2章,进程、线程、处理机调度、同步互斥、死锁,3
2014年计算机408统考真题解析. .pdf,2014,解析/答案,3,计算机组成原理,第1章,概述、性能指标、层次结构,3
2014年计算机408统考真题解析. .pdf,2014,解析/答案,3,计算机组成原理,第2章,数据表示与运算,5
2014年计算机408统考真题解析. .pdf,2014,解析/答案,3,计算机组成原理,第4章,指令系统、寻址方式、机器级程序,4
2014年计算机408统考真题解析. .pdf,2014,解析/答案,4,操作系统,第1章,概述、运行机制、中断/异常、系统调用、引导,2
2014年计算机408统考真题解析. .pdf,2014,解析/答案,4,操作系统,第2章,进程、线程、处理机调度、同步互斥、死锁,1
2014年计算机408统考真题解析. .pdf,2014,解析/答案,4,操作系统,第5章,I/O管理、缓冲、磁盘调度、设备管理,2
2014年计算机408统考真题解析. .pdf,2014,解析/答案,4,计算机组成原理,第1章,概述、性能指标、层次结构,1
2014年计算机408统考真题解析. .pdf,2014,解析/答案,4,计算机组成原理,第2章,数据表示与运算,5
2014年计算机408统考真题解析. .pdf,2014,解析/答案,4,计算机组成原理,第3章,存储系统、Cache、主存、虚拟存储,5
2014年计算机408统考真题解析. .pdf,2014,解析/答案,4,计算机组成原理,第4章,指令系统、寻址方式、机器级程序,24
2014年计算机408统考真题解析. .pdf,2014,解析/答案,4,计算机组成原理,第5章,CPU、数据通路、控制器、流水线、中断异常,9
2014年计算机408统考真题解析. .pdf,2014,解析/答案,4,计算机组成原理,第6章,总线,4
2014年计算机408统考真题解析. .pdf,2014,解析/答案,4,计算机组成原理,第7章,输入输出系统、DMA、中断、接口,2
2014年计算机408统考真题解析. .pdf,2014,解析/答案,5,操作系统,第1章,概述、运行机制、中断/异常、系统调用、引导,7
2014年计算机408统考真题解析. .pdf,2014,解析/答案,5,操作系统,第2章,进程、线程、处理机调度、同步互斥、死锁,26
2014年计算机408统考真题解析. .pdf,2014,解析/答案,5,操作系统,第3章,内存管理、页表、虚拟内存、页面置换,6
2014年计算机408统考真题解析. .pdf,2014,解析/答案,5,操作系统,第4章,文件系统、目录、文件分配、空闲空间管理,10
2014年计算机408统考真题解析. .pdf,2014,解析/答案,5,操作系统,第5章,I/O管理、缓冲、磁盘调度、设备管理,6
2014年计算机408统考真题解析. .pdf,2014,解析/答案,5,计算机组成原理,第1章,概述、性能指标、层次结构,1
2014年计算机408统考真题解析. .pdf,2014,解析/答案,5,计算机组成原理,第4章,指令系统、寻址方式、机器级程序,6
2014年计算机408统考真题解析. .pdf,2014,解析/答案,5,计算机组成原理,第5章,CPU、数据通路、控制器、流水线、中断异常,7
2014年计算机408统考真题解析. .pdf,2014,解析/答案,5,计算机组成原理,第7章,输入输出系统、DMA、中断、接口,9
2014年计算机408统考真题解析. .pdf,2014,解析/答案,6,操作系统,第1章,概述、运行机制、中断/异常、系统调用、引导,1
2014年计算机408统考真题解析. .pdf,2014,解析/答案,6,操作系统,第3章,内存管理、页表、虚拟内存、页面置换,12
2014年计算机408统考真题解析. .pdf,2014,解析/答案,6,计算机组成原理,第5章,CPU、数据通路、控制器、流水线、中断异常,7
2014年计算机408统考真题解析. .pdf,2014,解析/答案,6,计算机组成原理,第6章,总线,5
2014年计算机408统考真题解析. .pdf,2014,解析/答案,6,计算机组成原理,第7章,输入输出系统、DMA、中断、接口,2
2014年计算机408统考真题解析. .pdf,2014,解析/答案,7,操作系统,第5章,I/O管理、缓冲、磁盘调度、设备管理,1
2014年计算机408统考真题解析. .pdf,2014,解析/答案,11,计算机组成原理,第4章,指令系统、寻址方式、机器级程序,5
2014年计算机408统考真题解析. .pdf,2014,解析/答案,11,计算机组成原理,第5章,CPU、数据通路、控制器、流水线、中断异常,2
2014年计算机408统考真题解析. .pdf,2014,解析/答案,11,计算机组成原理,第7章,输入输出系统、DMA、中断、接口,2
2014年计算机408统考真题解析. .pdf,2014,解析/答案,12,操作系统,第1章,概述、运行机制、中断/异常、系统调用、引导,5
2014年计算机408统考真题解析. .pdf,2014,解析/答案,12,操作系统,第3章,内存管理、页表、虚拟内存、页面置换,11
2014年计算机408统考真题解析. .pdf,2014,解析/答案,12,计算机组成原理,第1章,概述、性能指标、层次结构,1
2014年计算机408统考真题解析. .pdf,2014,解析/答案,12,计算机组成原理,第2章,数据表示与运算,3
2014年计算机408统考真题解析. .pdf,2014,解析/答案,12,计算机组成原理,第3章,存储系统、Cache、主存、虚拟存储,20
2014年计算机408统考真题解析. .pdf,2014,解析/答案,12,计算机组成原理,第4章,指令系统、寻址方式、机器级程序,35
2014年计算机408统考真题解析. .pdf,2014,解析/答案,12,计算机组成原理,第5章,CPU、数据通路、控制器、流水线、中断异常,13
2014年计算机408统考真题解析. .pdf,2014,解析/答案,12,计算机组成原理,第7章,输入输出系统、DMA、中断、接口,1
2014年计算机408统考真题解析. .pdf,2014,解析/答案,13,操作系统,第2章,进程、线程、处理机调度、同步互斥、死锁,6
2014年计算机408统考真题解析. .pdf,2014,解析/答案,13,操作系统,第3章,内存管理、页表、虚拟内存、页面置换,2
2014年计算机408统考真题解析. .pdf,2014,解析/答案,13,操作系统,第4章,文件系统、目录、文件分配、空闲空间管理,9
2014年计算机408统考真题解析. .pdf,2014,解析/答案,13,操作系统,第5章,I/O管理、缓冲、磁盘调度、设备管理,10
2014年计算机408统考真题解析. .pdf,2014,解析/答案,13,计算机组成原理,第3章,存储系统、Cache、主存、虚拟存储,2
2014年计算机408统考真题解析. .pdf,2014,解析/答案,13,计算机组成原理,第4章,指令系统、寻址方式、机器级程序,1
2014年计算机408统考真题解析. .pdf,2014,解析/答案,13,计算机组成原理,第7章,输入输出系统、DMA、中断、接口,5
2014年计算机408统考真题解析. .pdf,2014,解析/答案,14,操作系统,第2章,进程、线程、处理机调度、同步互斥、死锁,6
2014年计算机408统考真题解析. .pdf,2014,解析/答案,14,操作系统,第5章,I/O管理、缓冲、磁盘调度、设备管理,3
2015年计算机408统考真题解析. .pdf,2015,解析/答案,2,计算机组成原理,第2章,数据表示与运算,1
2015年计算机408统考真题解析. .pdf,2015,解析/答案,2,计算机组成原理,第4章,指令系统、寻址方式、机器级程序,2
2015年计算机408统考真题解析. .pdf,2015,解析/答案,3,操作系统,第1章,概述、运行机制、中断/异常、系统调用、引导,1
2015年计算机408统考真题解析. .pdf,2015,解析/答案,3,操作系统,第2章,进程、线程、处理机调度、同步互斥、死锁,2
2015年计算机408统考真题解析. .pdf,2015,解析/答案,3,操作系统,第5章,I/O管理、缓冲、磁盘调度、设备管理,1
2015年计算机408统考真题解析. .pdf,2015,解析/答案,3,计算机组成原理,第2章,数据表示与运算,3
2015年计算机408统考真题解析. .pdf,2015,解析/答案,3,计算机组成原理,第3章,存储系统、Cache、主存、虚拟存储,26
2015年计算机408统考真题解析. .pdf,2015,解析/答案,3,计算机组成原理,第4章,指令系统、寻址方式、机器级程序,1
2015年计算机408统考真题解析. .pdf,2015,解析/答案,3,计算机组成原理,第5章,CPU、数据通路、控制器、流水线、中断异常,3
2015年计算机408统考真题解析. .pdf,2015,解析/答案,3,计算机组成原理,第7章,输入输出系统、DMA、中断、接口,1
2015年计算机408统考真题解析. .pdf,2015,解析/答案,4,操作系统,第1章,概述、运行机制、中断/异常、系统调用、引导,19
2015年计算机408统考真题解析. .pdf,2015,解析/答案,4,操作系统,第2章,进程、线程、处理机调度、同步互斥、死锁,17
2015年计算机408统考真题解析. .pdf,2015,解析/答案,4,操作系统,第3章,内存管理、页表、虚拟内存、页面置换,1
2015年计算机408统考真题解析. .pdf,2015,解析/答案,4,操作系统,第4章,文件系统、目录、文件分配、空闲空间管理,10
2015年计算机408统考真题解析. .pdf,2015,解析/答案,4,操作系统,第5章,I/O管理、缓冲、磁盘调度、设备管理,1
2015年计算机408统考真题解析. .pdf,2015,解析/答案,4,计算机组成原理,第3章,存储系统、Cache、主存、虚拟存储,1
2015年计算机408统考真题解析. .pdf,2015,解析/答案,4,计算机组成原理,第4章,指令系统、寻址方式、机器级程序,15
2015年计算机408统考真题解析. .pdf,2015,解析/答案,4,计算机组成原理,第5章,CPU、数据通路、控制器、流水线、中断异常,22
2015年计算机408统考真题解析. .pdf,2015,解析/答案,4,计算机组成原理,第7章,输入输出系统、DMA、中断、接口,4
2015年计算机408统考真题解析. .pdf,2015,解析/答案,5,操作系统,第2章,进程、线程、处理机调度、同步互斥、死锁,2
2015年计算机408统考真题解析. .pdf,2015,解析/答案,5,操作系统,第4章,文件系统、目录、文件分配、空闲空间管理,4
2015年计算机408统考真题解析. .pdf,2015,解析/答案,5,操作系统,第5章,I/O管理、缓冲、磁盘调度、设备管理,2
2015年计算机408统考真题解析. .pdf,2015,解析/答案,5,计算机组成原理,第3章,存储系统、Cache、主存、虚拟存储,2
2015年计算机408统考真题解析. .pdf,2015,解析/答案,5,计算机组成原理,第5章,CPU、数据通路、控制器、流水线、中断异常,1
2015年计算机408统考真题解析. .pdf,2015,解析/答案,5,计算机组成原理,第7章,输入输出系统、DMA、中断、接口,3
2015年计算机408统考真题解析. .pdf,2015,解析/答案,7,计算机组成原理,第1章,概述、性能指标、层次结构,2
2015年计算机408统考真题解析. .pdf,2015,解析/答案,7,计算机组成原理,第2章,数据表示与运算,5
2015年计算机408统考真题解析. .pdf,2015,解析/答案,7,计算机组成原理,第4章,指令系统、寻址方式、机器级程序,9
2015年计算机408统考真题解析. .pdf,2015,解析/答案,7,计算机组成原理,第5章,CPU、数据通路、控制器、流水线、中断异常,14
2015年计算机408统考真题解析. .pdf,2015,解析/答案,7,计算机组成原理,第6章,总线,2
2015年计算机408统考真题解析. .pdf,2015,解析/答案,8,操作系统,第2章,进程、线程、处理机调度、同步互斥、死锁,8
2015年计算机408统考真题解析. .pdf,2015,解析/答案,8,操作系统,第3章,内存管理、页表、虚拟内存、页面置换,6
2015年计算机408统考真题解析. .pdf,2015,解析/答案,8,操作系统,第4章,文件系统、目录、文件分配、空闲空间管理,2
2016年计算机408统考真题解析. .pdf,2016,解析/答案,3,操作系统,第4章,文件系统、目录、文件分配、空闲空间管理,1
2016年计算机408统考真题解析. .pdf,2016,解析/答案,3,计算机组成原理,第2章,数据表示与运算,3
2016年计算机408统考真题解析. .pdf,2016,解析/答案,3,计算机组成原理,第4章,指令系统、寻址方式、机器级程序,3
2016年计算机408统考真题解析. .pdf,2016,解析/答案,4,操作系统,第5章,I/O管理、缓冲、磁盘调度、设备管理,3
2016年计算机408统考真题解析. .pdf,2016,解析/答案,4,计算机组成原理,第1章,概述、性能指标、层次结构,2
2016年计算机408统考真题解析. .pdf,2016,解析/答案,4,计算机组成原理,第3章,存储系统、Cache、主存、虚拟存储,10
2016年计算机408统考真题解析. .pdf,2016,解析/答案,4,计算机组成原理,第4章,指令系统、寻址方式、机器级程序,27
2016年计算机408统考真题解析. .pdf,2016,解析/答案,4,计算机组成原理,第5章,CPU、数据通路、控制器、流水线、中断异常,16
2016年计算机408统考真题解析. .pdf,2016,解析/答案,4,计算机组成原理,第6章,总线,4
2016年计算机408统考真题解析. .pdf,2016,解析/答案,4,计算机组成原理,第7章,输入输出系统、DMA、中断、接口,3
2016年计算机408统考真题解析. .pdf,2016,解析/答案,5,操作系统,第1章,概述、运行机制、中断/异常、系统调用、引导,14
2016年计算机408统考真题解析. .pdf,2016,解析/答案,5,操作系统,第2章,进程、线程、处理机调度、同步互斥、死锁,9
2016年计算机408统考真题解析. .pdf,2016,解析/答案,5,操作系统,第3章,内存管理、页表、虚拟内存、页面置换,1
2016年计算机408统考真题解析. .pdf,2016,解析/答案,5,操作系统,第5章,I/O管理、缓冲、磁盘调度、设备管理,6
2016年计算机408统考真题解析. .pdf,2016,解析/答案,5,计算机组成原理,第2章,数据表示与运算,1
2016年计算机408统考真题解析. .pdf,2016,解析/答案,5,计算机组成原理,第4章,指令系统、寻址方式、机器级程序,6
2016年计算机408统考真题解析. .pdf,2016,解析/答案,5,计算机组成原理,第5章,CPU、数据通路、控制器、流水线、中断异常,14
2016年计算机408统考真题解析. .pdf,2016,解析/答案,5,计算机组成原理,第6章,总线,10
2016年计算机408统考真题解析. .pdf,2016,解析/答案,5,计算机组成原理,第7章,输入输出系统、DMA、中断、接口,6
2016年计算机408统考真题解析. .pdf,2016,解析/答案,6,操作系统,第1章,概述、运行机制、中断/异常、系统调用、引导,5
2016年计算机408统考真题解析. .pdf,2016,解析/答案,6,操作系统,第2章,进程、线程、处理机调度、同步互斥、死锁,10
2016年计算机408统考真题解析. .pdf,2016,解析/答案,6,操作系统,第3章,内存管理、页表、虚拟内存、页面置换,12
2016年计算机408统考真题解析. .pdf,2016,解析/答案,6,操作系统,第5章,I/O管理、缓冲、磁盘调度、设备管理,1
2016年计算机408统考真题解析. .pdf,2016,解析/答案,6,计算机组成原理,第3章,存储系统、Cache、主存、虚拟存储,3
2016年计算机408统考真题解析. .pdf,2016,解析/答案,6,计算机组成原理,第4章,指令系统、寻址方式、机器级程序,2
2016年计算机408统考真题解析. .pdf,2016,解析/答案,6,计算机组成原理,第5章,CPU、数据通路、控制器、流水线、中断异常,7
2016年计算机408统考真题解析. .pdf,2016,解析/答案,7,操作系统,第1章,概述、运行机制、中断/异常、系统调用、引导,1
2016年计算机408统考真题解析. .pdf,2016,解析/答案,7,操作系统,第2章,进程、线程、处理机调度、同步互斥、死锁,20
2016年计算机408统考真题解析. .pdf,2016,解析/答案,7,操作系统,第5章,I/O管理、缓冲、磁盘调度、设备管理,9
2016年计算机408统考真题解析. .pdf,2016,解析/答案,7,计算机组成原理,第6章,总线,1
2016年计算机408统考真题解析. .pdf,2016,解析/答案,7,计算机组成原理,第7章,输入输出系统、DMA、中断、接口,11
2016年计算机408统考真题解析. .pdf,2016,解析/答案,8,操作系统,第2章,进程、线程、处理机调度、同步互斥、死锁,1
2016年计算机408统考真题解析. .pdf,2016,解析/答案,8,计算机组成原理,第3章,存储系统、Cache、主存、虚拟存储,1
2016年计算机408统考真题解析. .pdf,2016,解析/答案,8,计算机组成原理,第7章,输入输出系统、DMA、中断、接口,3
2016年计算机408统考真题解析. .pdf,2016,解析/答案,9,计算机组成原理,第3章,存储系统、Cache、主存、虚拟存储,1
2016年计算机408统考真题解析. .pdf,2016,解析/答案,11,操作系统,第1章,概述、运行机制、中断/异常、系统调用、引导,6
2016年计算机408统考真题解析. .pdf,2016,解析/答案,11,操作系统,第2章,进程、线程、处理机调度、同步互斥、死锁,3
2016年计算机408统考真题解析. .pdf,2016,解析/答案,11,操作系统,第3章,内存管理、页表、虚拟内存、页面置换,6
2016年计算机408统考真题解析. .pdf,2016,解析/答案,11,操作系统,第5章,I/O管理、缓冲、磁盘调度、设备管理,2
2016年计算机408统考真题解析. .pdf,2016,解析/答案,11,计算机组成原理,第1章,概述、性能指标、层次结构,6
2016年计算机408统考真题解析. .pdf,2016,解析/答案,11,计算机组成原理,第3章,存储系统、Cache、主存、虚拟存储,17
2016年计算机408统考真题解析. .pdf,2016,解析/答案,11,计算机组成原理,第4章,指令系统、寻址方式、机器级程序,2
2016年计算机408统考真题解析. .pdf,2016,解析/答案,11,计算机组成原理,第5章,CPU、数据通路、控制器、流水线、中断异常,8
2016年计算机408统考真题解析. .pdf,2016,解析/答案,11,计算机组成原理,第7章,输入输出系统、DMA、中断、接口,7
2016年计算机408统考真题解析. .pdf,2016,解析/答案,12,操作系统,第2章,进程、线程、处理机调度、同步互斥、死锁,5
2016年计算机408统考真题解析. .pdf,2016,解析/答案,12,操作系统,第4章,文件系统、目录、文件分配、空闲空间管理,27
2016年计算机408统考真题解析. .pdf,2016,解析/答案,12,计算机组成原理,第7章,输入输出系统、DMA、中断、接口,1
2017年计算机408统考真题解析. .pdf,2017,解析/答案,2,操作系统,第4章,文件系统、目录、文件分配、空闲空间管理,6
2017年计算机408统考真题解析. .pdf,2017,解析/答案,2,计算机组成原理,第1章,概述、性能指标、层次结构,2
2017年计算机408统考真题解析. .pdf,2017,解析/答案,2,计算机组成原理,第3章,存储系统、Cache、主存、虚拟存储,4
2017年计算机408统考真题解析. .pdf,2017,解析/答案,2,计算机组成原理,第4章,指令系统、寻址方式、机器级程序,3
2017年计算机408统考真题解析. .pdf,2017,解析/答案,2,计算机组成原理,第7章,输入输出系统、DMA、中断、接口,2
2017年计算机408统考真题解析. .pdf,2017,解析/答案,3,操作系统,第1章,概述、运行机制、中断/异常、系统调用、引导,5
2017年计算机408统考真题解析. .pdf,2017,解析/答案,3,操作系统,第2章,进程、线程、处理机调度、同步互斥、死锁,1
2017年计算机408统考真题解析. .pdf,2017,解析/答案,3,操作系统,第5章,I/O管理、缓冲、磁盘调度、设备管理,6
2017年计算机408统考真题解析. .pdf,2017,解析/答案,3,计算机组成原理,第1章,概述、性能指标、层次结构,1
2017年计算机408统考真题解析. .pdf,2017,解析/答案,3,计算机组成原理,第3章,存储系统、Cache、主存、虚拟存储,13
2017年计算机408统考真题解析. .pdf,2017,解析/答案,3,计算机组成原理,第4章,指令系统、寻址方式、机器级程序,21
2017年计算机408统考真题解析. .pdf,2017,解析/答案,3,计算机组成原理,第5章,CPU、数据通路、控制器、流水线、中断异常,25
2017年计算机408统考真题解析. .pdf,2017,解析/答案,3,计算机组成原理,第6章,总线,11
2017年计算机408统考真题解析. .pdf,2017,解析/答案,3,计算机组成原理,第7章,输入输出系统、DMA、中断、接口,7
2017年计算机408统考真题解析. .pdf,2017,解析/答案,4,操作系统,第1章,概述、运行机制、中断/异常、系统调用、引导,16
2017年计算机408统考真题解析. .pdf,2017,解析/答案,4,操作系统,第2章,进程、线程、处理机调度、同步互斥、死锁,12
2017年计算机408统考真题解析. .pdf,2017,解析/答案,4,操作系统,第4章,文件系统、目录、文件分配、空闲空间管理,13
2017年计算机408统考真题解析. .pdf,2017,解析/答案,4,操作系统,第5章,I/O管理、缓冲、磁盘调度、设备管理,1
2017年计算机408统考真题解析. .pdf,2017,解析/答案,4,计算机组成原理,第1章,概述、性能指标、层次结构,2
2017年计算机408统考真题解析. .pdf,2017,解析/答案,4,计算机组成原理,第3章,存储系统、Cache、主存、虚拟存储,1
2017年计算机408统考真题解析. .pdf,2017,解析/答案,4,计算机组成原理,第4章,指令系统、寻址方式、机器级程序,2
2017年计算机408统考真题解析. .pdf,2017,解析/答案,4,计算机组成原理,第5章,CPU、数据通路、控制器、流水线、中断异常,13
2017年计算机408统考真题解析. .pdf,2017,解析/答案,4,计算机组成原理,第7章,输入输出系统、DMA、中断、接口,10
2017年计算机408统考真题解析. .pdf,2017,解析/答案,5,操作系统,第1章,概述、运行机制、中断/异常、系统调用、引导,2
2017年计算机408统考真题解析. .pdf,2017,解析/答案,5,操作系统,第4章,文件系统、目录、文件分配、空闲空间管理,2
2017年计算机408统考真题解析. .pdf,2017,解析/答案,5,操作系统,第5章,I/O管理、缓冲、磁盘调度、设备管理,6
2017年计算机408统考真题解析. .pdf,2017,解析/答案,5,计算机组成原理,第2章,数据表示与运算,1
2017年计算机408统考真题解析. .pdf,2017,解析/答案,5,计算机组成原理,第3章,存储系统、Cache、主存、虚拟存储,1
2017年计算机408统考真题解析. .pdf,2017,解析/答案,5,计算机组成原理,第5章,CPU、数据通路、控制器、流水线、中断异常,5
2017年计算机408统考真题解析. .pdf,2017,解析/答案,5,计算机组成原理,第6章,总线,3
2017年计算机408统考真题解析. .pdf,2017,解析/答案,5,计算机组成原理,第7章,输入输出系统、DMA、中断、接口,6
2017年计算机408统考真题解析. .pdf,2017,解析/答案,7,计算机组成原理,第2章,数据表示与运算,3
2017年计算机408统考真题解析. .pdf,2017,解析/答案,8,操作系统,第1章,概述、运行机制、中断/异常、系统调用、引导,3
2017年计算机408统考真题解析. .pdf,2017,解析/答案,8,操作系统,第2章,进程、线程、处理机调度、同步互斥、死锁,3
2017年计算机408统考真题解析. .pdf,2017,解析/答案,8,操作系统,第3章,内存管理、页表、虚拟内存、页面置换,7
2017年计算机408统考真题解析. .pdf,2017,解析/答案,8,操作系统,第4章,文件系统、目录、文件分配、空闲空间管理,6
2017年计算机408统考真题解析. .pdf,2017,解析/答案,8,计算机组成原理,第2章,数据表示与运算,7
2017年计算机408统考真题解析. .pdf,2017,解析/答案,8,计算机组成原理,第4章,指令系统、寻址方式、机器级程序,18
2017年计算机408统考真题解析. .pdf,2017,解析/答案,8,计算机组成原理,第5章,CPU、数据通路、控制器、流水线、中断异常,3
2017年计算机408统考真题解析. .pdf,2017,解析/答案,9,操作系统,第2章,进程、线程、处理机调度、同步互斥、死锁,21
2018年计算机408统考真题解析. .pdf,2018,解析/答案,2,计算机组成原理,第2章,数据表示与运算,1
2018年计算机408统考真题解析. .pdf,2018,解析/答案,3,操作系统,第1章,概述、运行机制、中断/异常、系统调用、引导,2
2018年计算机408统考真题解析. .pdf,2018,解析/答案,3,操作系统,第2章,进程、线程、处理机调度、同步互斥、死锁,1
2018年计算机408统考真题解析. .pdf,2018,解析/答案,3,计算机组成原理,第1章,概述、性能指标、层次结构,2
2018年计算机408统考真题解析. .pdf,2018,解析/答案,3,计算机组成原理,第2章,数据表示与运算,17
2018年计算机408统考真题解析. .pdf,2018,解析/答案,3,计算机组成原理,第3章,存储系统、Cache、主存、虚拟存储,2
2018年计算机408统考真题解析. .pdf,2018,解析/答案,3,计算机组成原理,第4章,指令系统、寻址方式、机器级程序,5
2018年计算机408统考真题解析. .pdf,2018,解析/答案,3,计算机组成原理,第5章,CPU、数据通路、控制器、流水线、中断异常,6
2018年计算机408统考真题解析. .pdf,2018,解析/答案,3,计算机组成原理,第6章,总线,8
2018年计算机408统考真题解析. .pdf,2018,解析/答案,4,操作系统,第1章,概述、运行机制、中断/异常、系统调用、引导,12
2018年计算机408统考真题解析. .pdf,2018,解析/答案,4,操作系统,第2章,进程、线程、处理机调度、同步互斥、死锁,26
2018年计算机408统考真题解析. .pdf,2018,解析/答案,4,计算机组成原理,第4章,指令系统、寻址方式、机器级程序,1
2018年计算机408统考真题解析. .pdf,2018,解析/答案,4,计算机组成原理,第5章,CPU、数据通路、控制器、流水线、中断异常,18
2018年计算机408统考真题解析. .pdf,2018,解析/答案,5,操作系统,第2章,进程、线程、处理机调度、同步互斥、死锁,3
2018年计算机408统考真题解析. .pdf,2018,解析/答案,5,操作系统,第3章,内存管理、页表、虚拟内存、页面置换,1
2018年计算机408统考真题解析. .pdf,2018,解析/答案,5,操作系统,第4章,文件系统、目录、文件分配、空闲空间管理,5
2018年计算机408统考真题解析. .pdf,2018,解析/答案,5,操作系统,第5章,I/O管理、缓冲、磁盘调度、设备管理,6
2018年计算机408统考真题解析. .pdf,2018,解析/答案,5,计算机组成原理,第5章,CPU、数据通路、控制器、流水线、中断异常,1
2018年计算机408统考真题解析. .pdf,2018,解析/答案,5,计算机组成原理,第7章,输入输出系统、DMA、中断、接口,6
2018年计算机408统考真题解析. .pdf,2018,解析/答案,6,操作系统,第2章,进程、线程、处理机调度、同步互斥、死锁,1
2018年计算机408统考真题解析. .pdf,2018,解析/答案,6,操作系统,第4章,文件系统、目录、文件分配、空闲空间管理,2
2018年计算机408统考真题解析. .pdf,2018,解析/答案,6,计算机组成原理,第5章,CPU、数据通路、控制器、流水线、中断异常,3
2018年计算机408统考真题解析. .pdf,2018,解析/答案,7,操作系统,第1章,概述、运行机制、中断/异常、系统调用、引导,5
2018年计算机408统考真题解析. .pdf,2018,解析/答案,7,操作系统,第5章,I/O管理、缓冲、磁盘调度、设备管理,10
2018年计算机408统考真题解析. .pdf,2018,解析/答案,7,计算机组成原理,第1章,概述、性能指标、层次结构,3
2018年计算机408统考真题解析. .pdf,2018,解析/答案,7,计算机组成原理,第3章,存储系统、Cache、主存、虚拟存储,2
2018年计算机408统考真题解析. .pdf,2018,解析/答案,7,计算机组成原理,第5章,CPU、数据通路、控制器、流水线、中断异常,10
2018年计算机408统考真题解析. .pdf,2018,解析/答案,7,计算机组成原理,第7章,输入输出系统、DMA、中断、接口,12
2018年计算机408统考真题解析. .pdf,2018,解析/答案,8,操作系统,第2章,进程、线程、处理机调度、同步互斥、死锁,12
2018年计算机408统考真题解析. .pdf,2018,解析/答案,8,操作系统,第3章,内存管理、页表、虚拟内存、页面置换,22
2018年计算机408统考真题解析. .pdf,2018,解析/答案,8,操作系统,第4章,文件系统、目录、文件分配、空闲空间管理,11
2018年计算机408统考真题解析. .pdf,2018,解析/答案,8,操作系统,第5章,I/O管理、缓冲、磁盘调度、设备管理,1
2018年计算机408统考真题解析. .pdf,2018,解析/答案,8,计算机组成原理,第3章,存储系统、Cache、主存、虚拟存储,29
2018年计算机408统考真题解析. .pdf,2018,解析/答案,8,计算机组成原理,第4章,指令系统、寻址方式、机器级程序,2
2018年计算机408统考真题解析. .pdf,2018,解析/答案,8,计算机组成原理,第5章,CPU、数据通路、控制器、流水线、中断异常,1
2018年计算机408统考真题解析. .pdf,2018,解析/答案,9,操作系统,第4章,文件系统、目录、文件分配、空闲空间管理,14
2018年计算机408统考真题解析. .pdf,2018,解析/答案,9,计算机组成原理,第4章,指令系统、寻址方式、机器级程序,2
2019年计算机408统考真题解析. .pdf,2019,解析/答案,4,操作系统,第1章,概述、运行机制、中断/异常、系统调用、引导,3
2019年计算机408统考真题解析. .pdf,2019,解析/答案,4,操作系统,第3章,内存管理、页表、虚拟内存、页面置换,6
2019年计算机408统考真题解析. .pdf,2019,解析/答案,4,操作系统,第5章,I/O管理、缓冲、磁盘调度、设备管理,2
2019年计算机408统考真题解析. .pdf,2019,解析/答案,4,计算机组成原理,第1章,概述、性能指标、层次结构,1
2019年计算机408统考真题解析. .pdf,2019,解析/答案,4,计算机组成原理,第2章,数据表示与运算,2
2019年计算机408统考真题解析. .pdf,2019,解析/答案,4,计算机组成原理,第3章,存储系统、Cache、主存、虚拟存储,4
2019年计算机408统考真题解析. .pdf,2019,解析/答案,4,计算机组成原理,第4章,指令系统、寻址方式、机器级程序,13
2019年计算机408统考真题解析. .pdf,2019,解析/答案,4,计算机组成原理,第5章,CPU、数据通路、控制器、流水线、中断异常,7
2019年计算机408统考真题解析. .pdf,2019,解析/答案,4,计算机组成原理,第7章,输入输出系统、DMA、中断、接口,2
2019年计算机408统考真题解析. .pdf,2019,解析/答案,5,操作系统,第1章,概述、运行机制、中断/异常、系统调用、引导,4
2019年计算机408统考真题解析. .pdf,2019,解析/答案,5,操作系统,第2章,进程、线程、处理机调度、同步互斥、死锁,10
2019年计算机408统考真题解析. .pdf,2019,解析/答案,5,操作系统,第5章,I/O管理、缓冲、磁盘调度、设备管理,15
2019年计算机408统考真题解析. .pdf,2019,解析/答案,5,计算机组成原理,第1章,概述、性能指标、层次结构,1
2019年计算机408统考真题解析. .pdf,2019,解析/答案,5,计算机组成原理,第2章,数据表示与运算,1
2019年计算机408统考真题解析. .pdf,2019,解析/答案,5,计算机组成原理,第3章,存储系统、Cache、主存、虚拟存储,2
2019年计算机408统考真题解析. .pdf,2019,解析/答案,5,计算机组成原理,第4章,指令系统、寻址方式、机器级程序,6
2019年计算机408统考真题解析. .pdf,2019,解析/答案,5,计算机组成原理,第5章,CPU、数据通路、控制器、流水线、中断异常,14
2019年计算机408统考真题解析. .pdf,2019,解析/答案,5,计算机组成原理,第6章,总线,7
2019年计算机408统考真题解析. .pdf,2019,解析/答案,5,计算机组成原理,第7章,输入输出系统、DMA、中断、接口,16
2019年计算机408统考真题解析. .pdf,2019,解析/答案,6,操作系统,第1章,概述、运行机制、中断/异常、系统调用、引导,5
2019年计算机408统考真题解析. .pdf,2019,解析/答案,6,操作系统,第2章,进程、线程、处理机调度、同步互斥、死锁,19
2019年计算机408统考真题解析. .pdf,2019,解析/答案,6,操作系统,第4章,文件系统、目录、文件分配、空闲空间管理,18
2019年计算机408统考真题解析. .pdf,2019,解析/答案,6,操作系统,第5章,I/O管理、缓冲、磁盘调度、设备管理,3
2019年计算机408统考真题解析. .pdf,2019,解析/答案,6,计算机组成原理,第5章,CPU、数据通路、控制器、流水线、中断异常,5
2019年计算机408统考真题解析. .pdf,2019,解析/答案,6,计算机组成原理,第7章,输入输出系统、DMA、中断、接口,6
2019年计算机408统考真题解析. .pdf,2019,解析/答案,7,操作系统,第2章,进程、线程、处理机调度、同步互斥、死锁,16
2019年计算机408统考真题解析. .pdf,2019,解析/答案,7,操作系统,第3章,内存管理、页表、虚拟内存、页面置换,3
2019年计算机408统考真题解析. .pdf,2019,解析/答案,7,操作系统,第4章,文件系统、目录、文件分配、空闲空间管理,2
2019年计算机408统考真题解析. .pdf,2019,解析/答案,7,计算机组成原理,第4章,指令系统、寻址方式、机器级程序,1
2019年计算机408统考真题解析. .pdf,2019,解析/答案,8,计算机组成原理,第6章,总线,2
2019年计算机408统考真题解析. .pdf,2019,解析/答案,9,操作系统,第4章,文件系统、目录、文件分配、空闲空间管理,1
2019年计算机408统考真题解析. .pdf,2019,解析/答案,10,操作系统,第2章,进程、线程、处理机调度、同步互斥、死锁,2
2019年计算机408统考真题解析. .pdf,2019,解析/答案,10,操作系统,第4章,文件系统、目录、文件分配、空闲空间管理,2
2019年计算机408统考真题解析. .pdf,2019,解析/答案,11,操作系统,第1章,概述、运行机制、中断/异常、系统调用、引导,1
2019年计算机408统考真题解析. .pdf,2019,解析/答案,11,操作系统,第3章,内存管理、页表、虚拟内存、页面置换,1
2019年计算机408统考真题解析. .pdf,2019,解析/答案,11,操作系统,第5章,I/O管理、缓冲、磁盘调度、设备管理,1
2019年计算机408统考真题解析. .pdf,2019,解析/答案,11,计算机组成原理,第4章,指令系统、寻址方式、机器级程序,17
2019年计算机408统考真题解析. .pdf,2019,解析/答案,11,计算机组成原理,第5章,CPU、数据通路、控制器、流水线、中断异常,4
2019年计算机408统考真题解析. .pdf,2019,解析/答案,12,操作系统,第3章,内存管理、页表、虚拟内存、页面置换,1
2019年计算机408统考真题解析. .pdf,2019,解析/答案,12,操作系统,第5章,I/O管理、缓冲、磁盘调度、设备管理,4
2019年计算机408统考真题解析. .pdf,2019,解析/答案,12,计算机组成原理,第3章,存储系统、Cache、主存、虚拟存储,6
2019年计算机408统考真题解析. .pdf,2019,解析/答案,12,计算机组成原理,第4章,指令系统、寻址方式、机器级程序,4
2019年计算机408统考真题解析. .pdf,2019,解析/答案,12,计算机组成原理,第7章,输入输出系统、DMA、中断、接口,7
2020年计算机408统考真题解析. .pdf,2020,解析/答案,4,操作系统,第3章,内存管理、页表、虚拟内存、页面置换,3
2020年计算机408统考真题解析. .pdf,2020,解析/答案,4,计算机组成原理,第1章,概述、性能指标、层次结构,9
2020年计算机408统考真题解析. .pdf,2020,解析/答案,4,计算机组成原理,第2章,数据表示与运算,1
2020年计算机408统考真题解析. .pdf,2020,解析/答案,4,计算机组成原理,第3章,存储系统、Cache、主存、虚拟存储,11
2020年计算机408统考真题解析. .pdf,2020,解析/答案,4,计算机组成原理,第4章,指令系统、寻址方式、机器级程序,13
2020年计算机408统考真题解析. .pdf,2020,解析/答案,4,计算机组成原理,第5章,CPU、数据通路、控制器、流水线、中断异常,15
2020年计算机408统考真题解析. .pdf,2020,解析/答案,5,操作系统,第1章,概述、运行机制、中断/异常、系统调用、引导,28
2020年计算机408统考真题解析. .pdf,2020,解析/答案,5,操作系统,第2章,进程、线程、处理机调度、同步互斥、死锁,6
2020年计算机408统考真题解析. .pdf,2020,解析/答案,5,操作系统,第3章,内存管理、页表、虚拟内存、页面置换,1
2020年计算机408统考真题解析. .pdf,2020,解析/答案,5,操作系统,第4章,文件系统、目录、文件分配、空闲空间管理,17
2020年计算机408统考真题解析. .pdf,2020,解析/答案,5,操作系统,第5章,I/O管理、缓冲、磁盘调度、设备管理,1
2020年计算机408统考真题解析. .pdf,2020,解析/答案,5,计算机组成原理,第1章,概述、性能指标、层次结构,2
2020年计算机408统考真题解析. .pdf,2020,解析/答案,5,计算机组成原理,第3章,存储系统、Cache、主存、虚拟存储,4
2020年计算机408统考真题解析. .pdf,2020,解析/答案,5,计算机组成原理,第4章,指令系统、寻址方式、机器级程序,8
2020年计算机408统考真题解析. .pdf,2020,解析/答案,5,计算机组成原理,第5章,CPU、数据通路、控制器、流水线、中断异常,35
2020年计算机408统考真题解析. .pdf,2020,解析/答案,5,计算机组成原理,第6章,总线,7
2020年计算机408统考真题解析. .pdf,2020,解析/答案,5,计算机组成原理,第7章,输入输出系统、DMA、中断、接口,1
2020年计算机408统考真题解析. .pdf,2020,解析/答案,6,操作系统,第1章,概述、运行机制、中断/异常、系统调用、引导,18
2020年计算机408统考真题解析. .pdf,2020,解析/答案,6,操作系统,第2章,进程、线程、处理机调度、同步互斥、死锁,22
2020年计算机408统考真题解析. .pdf,2020,解析/答案,6,操作系统,第3章,内存管理、页表、虚拟内存、页面置换,8
2020年计算机408统考真题解析. .pdf,2020,解析/答案,6,操作系统,第4章,文件系统、目录、文件分配、空闲空间管理,4
2020年计算机408统考真题解析. .pdf,2020,解析/答案,6,操作系统,第5章,I/O管理、缓冲、磁盘调度、设备管理,9
2020年计算机408统考真题解析. .pdf,2020,解析/答案,6,计算机组成原理,第3章,存储系统、Cache、主存、虚拟存储,1
2020年计算机408统考真题解析. .pdf,2020,解析/答案,6,计算机组成原理,第5章,CPU、数据通路、控制器、流水线、中断异常,20
2020年计算机408统考真题解析. .pdf,2020,解析/答案,6,计算机组成原理,第7章,输入输出系统、DMA、中断、接口,10
2020年计算机408统考真题解析. .pdf,2020,解析/答案,7,操作系统,第2章,进程、线程、处理机调度、同步互斥、死锁,10
2020年计算机408统考真题解析. .pdf,2020,解析/答案,7,操作系统,第4章,文件系统、目录、文件分配、空闲空间管理,13
2020年计算机408统考真题解析. .pdf,2020,解析/答案,7,操作系统,第5章,I/O管理、缓冲、磁盘调度、设备管理,5
2020年计算机408统考真题解析. .pdf,2020,解析/答案,7,计算机组成原理,第5章,CPU、数据通路、控制器、流水线、中断异常,1
2020年计算机408统考真题解析. .pdf,2020,解析/答案,7,计算机组成原理,第6章,总线,1
2020年计算机408统考真题解析. .pdf,2020,解析/答案,7,计算机组成原理,第7章,输入输出系统、DMA、中断、接口,5
2020年计算机408统考真题解析. .pdf,2020,解析/答案,8,操作系统,第2章,进程、线程、处理机调度、同步互斥、死锁,3
2020年计算机408统考真题解析. .pdf,2020,解析/答案,8,操作系统,第4章,文件系统、目录、文件分配、空闲空间管理,1
2020年计算机408统考真题解析. .pdf,2020,解析/答案,8,计算机组成原理,第2章,数据表示与运算,1
2020年计算机408统考真题解析. .pdf,2020,解析/答案,8,计算机组成原理,第3章,存储系统、Cache、主存、虚拟存储,1
2020年计算机408统考真题解析. .pdf,2020,解析/答案,8,计算机组成原理,第5章,CPU、数据通路、控制器、流水线、中断异常,1
2020年计算机408统考真题解析. .pdf,2020,解析/答案,10,操作系统,第4章,文件系统、目录、文件分配、空闲空间管理,1
2020年计算机408统考真题解析. .pdf,2020,解析/答案,10,计算机组成原理,第1章,概述、性能指标、层次结构,2
2020年计算机408统考真题解析. .pdf,2020,解析/答案,10,计算机组成原理,第2章,数据表示与运算,7
2020年计算机408统考真题解析. .pdf,2020,解析/答案,10,计算机组成原理,第3章,存储系统、Cache、主存、虚拟存储,24
2020年计算机408统考真题解析. .pdf,2020,解析/答案,10,计算机组成原理,第4章,指令系统、寻址方式、机器级程序,9
2020年计算机408统考真题解析. .pdf,2020,解析/答案,11,操作系统,第2章,进程、线程、处理机调度、同步互斥、死锁,10
2020年计算机408统考真题解析. .pdf,2020,解析/答案,11,操作系统,第3章,内存管理、页表、虚拟内存、页面置换,7
2020年计算机408统考真题解析. .pdf,2020,解析/答案,11,操作系统,第4章,文件系统、目录、文件分配、空闲空间管理,5
2020年计算机408统考真题解析. .pdf,2020,解析/答案,12,操作系统,第3章,内存管理、页表、虚拟内存、页面置换,2
2020年计算机408统考真题解析. .pdf,2020,解析/答案,12,计算机组成原理,第3章,存储系统、Cache、主存、虚拟存储,1
2020年计算机408统考真题解析. .pdf,2020,解析/答案,12,计算机组成原理,第5章,CPU、数据通路、控制器、流水线、中断异常,2
2021年计算机408统考真题解析. .pdf,2021,解析/答案,3,计算机组成原理,第1章,概述、性能指标、层次结构,2
2021年计算机408统考真题解析. .pdf,2021,解析/答案,3,计算机组成原理,第2章,数据表示与运算,2
2021年计算机408统考真题解析. .pdf,2021,解析/答案,4,操作系统,第1章,概述、运行机制、中断/异常、系统调用、引导,1
2021年计算机408统考真题解析. .pdf,2021,解析/答案,4,操作系统,第2章,进程、线程、处理机调度、同步互斥、死锁,1
2021年计算机408统考真题解析. .pdf,2021,解析/答案,4,操作系统,第5章,I/O管理、缓冲、磁盘调度、设备管理,1
2021年计算机408统考真题解析. .pdf,2021,解析/答案,4,计算机组成原理,第1章,概述、性能指标、层次结构,1
2021年计算机408统考真题解析. .pdf,2021,解析/答案,4,计算机组成原理,第2章,数据表示与运算,1
2021年计算机408统考真题解析. .pdf,2021,解析/答案,4,计算机组成原理,第3章,存储系统、Cache、主存、虚拟存储,8
2021年计算机408统考真题解析. .pdf,2021,解析/答案,4,计算机组成原理,第4章,指令系统、寻址方式、机器级程序,3
2021年计算机408统考真题解析. .pdf,2021,解析/答案,4,计算机组成原理,第5章,CPU、数据通路、控制器、流水线、中断异常,4
2021年计算机408统考真题解析. .pdf,2021,解析/答案,4,计算机组成原理,第6章,总线,8
2021年计算机408统考真题解析. .pdf,2021,解析/答案,4,计算机组成原理,第7章,输入输出系统、DMA、中断、接口,1
2021年计算机408统考真题解析. .pdf,2021,解析/答案,5,操作系统,第1章,概述、运行机制、中断/异常、系统调用、引导,22
2021年计算机408统考真题解析. .pdf,2021,解析/答案,5,操作系统,第2章,进程、线程、处理机调度、同步互斥、死锁,18
2021年计算机408统考真题解析. .pdf,2021,解析/答案,5,操作系统,第3章,内存管理、页表、虚拟内存、页面置换,2
2021年计算机408统考真题解析. .pdf,2021,解析/答案,5,操作系统,第5章,I/O管理、缓冲、磁盘调度、设备管理,3
2021年计算机408统考真题解析. .pdf,2021,解析/答案,5,计算机组成原理,第4章,指令系统、寻址方式、机器级程序,12
2021年计算机408统考真题解析. .pdf,2021,解析/答案,5,计算机组成原理,第5章,CPU、数据通路、控制器、流水线、中断异常,21
2021年计算机408统考真题解析. .pdf,2021,解析/答案,5,计算机组成原理,第7章,输入输出系统、DMA、中断、接口,4
2021年计算机408统考真题解析. .pdf,2021,解析/答案,6,操作系统,第1章,概述、运行机制、中断/异常、系统调用、引导,5
2021年计算机408统考真题解析. .pdf,2021,解析/答案,6,操作系统,第2章,进程、线程、处理机调度、同步互斥、死锁,12
2021年计算机408统考真题解析. .pdf,2021,解析/答案,6,操作系统,第3章,内存管理、页表、虚拟内存、页面置换,2
2021年计算机408统考真题解析. .pdf,2021,解析/答案,6,操作系统,第4章,文件系统、目录、文件分配、空闲空间管理,8
2021年计算机408统考真题解析. .pdf,2021,解析/答案,6,计算机组成原理,第1章,概述、性能指标、层次结构,2
2021年计算机408统考真题解析. .pdf,2021,解析/答案,6,计算机组成原理,第5章,CPU、数据通路、控制器、流水线、中断异常,5
2021年计算机408统考真题解析. .pdf,2021,解析/答案,8,计算机组成原理,第3章,存储系统、Cache、主存、虚拟存储,1
2021年计算机408统考真题解析. .pdf,2021,解析/答案,8,计算机组成原理,第4章,指令系统、寻址方式、机器级程序,2
2021年计算机408统考真题解析. .pdf,2021,解析/答案,9,计算机组成原理,第5章,CPU、数据通路、控制器、流水线、中断异常,1
2021年计算机408统考真题解析. .pdf,2021,解析/答案,10,计算机组成原理,第2章,数据表示与运算,3
2021年计算机408统考真题解析. .pdf,2021,解析/答案,10,计算机组成原理,第4章,指令系统、寻址方式、机器级程序,8
2021年计算机408统考真题解析. .pdf,2021,解析/答案,10,计算机组成原理,第5章,CPU、数据通路、控制器、流水线、中断异常,4
2021年计算机408统考真题解析. .pdf,2021,解析/答案,11,操作系统,第1章,概述、运行机制、中断/异常、系统调用、引导,19
2021年计算机408统考真题解析. .pdf,2021,解析/答案,11,操作系统,第2章,进程、线程、处理机调度、同步互斥、死锁,9
2021年计算机408统考真题解析. .pdf,2021,解析/答案,11,操作系统,第3章,内存管理、页表、虚拟内存、页面置换,15
2021年计算机408统考真题解析. .pdf,2021,解析/答案,11,操作系统,第4章,文件系统、目录、文件分配、空闲空间管理,4
2021年计算机408统考真题解析. .pdf,2021,解析/答案,11,计算机组成原理,第3章,存储系统、Cache、主存、虚拟存储,18
2021年计算机408统考真题解析. .pdf,2021,解析/答案,11,计算机组成原理,第4章,指令系统、寻址方式、机器级程序,2
2021年计算机408统考真题解析. .pdf,2021,解析/答案,11,计算机组成原理,第5章,CPU、数据通路、控制器、流水线、中断异常,5
2021年计算机408统考真题解析. .pdf,2021,解析/答案,11,计算机组成原理,第7章,输入输出系统、DMA、中断、接口,2
2021年计算机408统考真题解析. .pdf,2021,解析/答案,12,计算机组成原理,第5章,CPU、数据通路、控制器、流水线、中断异常,1
2022年计算机408统考真题解析. .pdf,2022,解析/答案,3,操作系统,第3章,内存管理、页表、虚拟内存、页面置换,9
2022年计算机408统考真题解析. .pdf,2022,解析/答案,3,操作系统,第5章,I/O管理、缓冲、磁盘调度、设备管理,1
2022年计算机408统考真题解析. .pdf,2022,解析/答案,3,计算机组成原理,第1章,概述、性能指标、层次结构,8
2022年计算机408统考真题解析. .pdf,2022,解析/答案,3,计算机组成原理,第2章,数据表示与运算,9
2022年计算机408统考真题解析. .pdf,2022,解析/答案,3,计算机组成原理,第3章,存储系统、Cache、主存、虚拟存储,25
2022年计算机408统考真题解析. .pdf,2022,解析/答案,3,计算机组成原理,第4章,指令系统、寻址方式、机器级程序,16
2022年计算机408统考真题解析. .pdf,2022,解析/答案,3,计算机组成原理,第5章,CPU、数据通路、控制器、流水线、中断异常,4
2022年计算机408统考真题解析. .pdf,2022,解析/答案,3,计算机组成原理,第6章,总线,1
2022年计算机408统考真题解析. .pdf,2022,解析/答案,4,操作系统,第1章,概述、运行机制、中断/异常、系统调用、引导,24
2022年计算机408统考真题解析. .pdf,2022,解析/答案,4,操作系统,第2章,进程、线程、处理机调度、同步互斥、死锁,21
2022年计算机408统考真题解析. .pdf,2022,解析/答案,4,操作系统,第3章,内存管理、页表、虚拟内存、页面置换,1
2022年计算机408统考真题解析. .pdf,2022,解析/答案,4,操作系统,第4章,文件系统、目录、文件分配、空闲空间管理,11
2022年计算机408统考真题解析. .pdf,2022,解析/答案,4,操作系统,第5章,I/O管理、缓冲、磁盘调度、设备管理,16
2022年计算机408统考真题解析. .pdf,2022,解析/答案,4,计算机组成原理,第3章,存储系统、Cache、主存、虚拟存储,3
2022年计算机408统考真题解析. .pdf,2022,解析/答案,4,计算机组成原理,第4章,指令系统、寻址方式、机器级程序,10
2022年计算机408统考真题解析. .pdf,2022,解析/答案,4,计算机组成原理,第5章,CPU、数据通路、控制器、流水线、中断异常,32
2022年计算机408统考真题解析. .pdf,2022,解析/答案,4,计算机组成原理,第7章,输入输出系统、DMA、中断、接口,10
2022年计算机408统考真题解析. .pdf,2022,解析/答案,5,操作系统,第1章,概述、运行机制、中断/异常、系统调用、引导,7
2022年计算机408统考真题解析. .pdf,2022,解析/答案,5,操作系统,第2章,进程、线程、处理机调度、同步互斥、死锁,15
2022年计算机408统考真题解析. .pdf,2022,解析/答案,5,操作系统,第3章,内存管理、页表、虚拟内存、页面置换,9
2022年计算机408统考真题解析. .pdf,2022,解析/答案,5,操作系统,第4章,文件系统、目录、文件分配、空闲空间管理,1
2022年计算机408统考真题解析. .pdf,2022,解析/答案,5,操作系统,第5章,I/O管理、缓冲、磁盘调度、设备管理,15
2022年计算机408统考真题解析. .pdf,2022,解析/答案,5,计算机组成原理,第3章,存储系统、Cache、主存、虚拟存储,1
2022年计算机408统考真题解析. .pdf,2022,解析/答案,5,计算机组成原理,第4章,指令系统、寻址方式、机器级程序,1
2022年计算机408统考真题解析. .pdf,2022,解析/答案,5,计算机组成原理,第5章,CPU、数据通路、控制器、流水线、中断异常,14
2022年计算机408统考真题解析. .pdf,2022,解析/答案,5,计算机组成原理,第7章,输入输出系统、DMA、中断、接口,20
2022年计算机408统考真题解析. .pdf,2022,解析/答案,6,操作系统,第4章,文件系统、目录、文件分配、空闲空间管理,3
2022年计算机408统考真题解析. .pdf,2022,解析/答案,6,计算机组成原理,第3章,存储系统、Cache、主存、虚拟存储,1
2022年计算机408统考真题解析. .pdf,2022,解析/答案,6,计算机组成原理,第5章,CPU、数据通路、控制器、流水线、中断异常,1
2022年计算机408统考真题解析. .pdf,2022,解析/答案,9,计算机组成原理,第1章,概述、性能指标、层次结构,4
2022年计算机408统考真题解析. .pdf,2022,解析/答案,9,计算机组成原理,第2章,数据表示与运算,7
2022年计算机408统考真题解析. .pdf,2022,解析/答案,9,计算机组成原理,第3章,存储系统、Cache、主存、虚拟存储,4
2022年计算机408统考真题解析. .pdf,2022,解析/答案,9,计算机组成原理,第4章,指令系统、寻址方式、机器级程序,7
2022年计算机408统考真题解析. .pdf,2022,解析/答案,9,计算机组成原理,第5章,CPU、数据通路、控制器、流水线、中断异常,17
2022年计算机408统考真题解析. .pdf,2022,解析/答案,9,计算机组成原理,第6章,总线,4
2022年计算机408统考真题解析. .pdf,2022,解析/答案,9,计算机组成原理,第7章,输入输出系统、DMA、中断、接口,3
2022年计算机408统考真题解析. .pdf,2022,解析/答案,10,操作系统,第2章,进程、线程、处理机调度、同步互斥、死锁,11
2022年计算机408统考真题解析. .pdf,2022,解析/答案,10,操作系统,第4章,文件系统、目录、文件分配、空闲空间管理,44
2022年计算机408统考真题解析. .pdf,2022,解析/答案,10,操作系统,第5章,I/O管理、缓冲、磁盘调度、设备管理,4
2022年计算机408统考真题解析. .pdf,2022,解析/答案,10,计算机组成原理,第3章,存储系统、Cache、主存、虚拟存储,2
2022年计算机408统考真题解析. .pdf,2022,解析/答案,10,计算机组成原理,第5章,CPU、数据通路、控制器、流水线、中断异常,6
2022年计算机408统考真题解析. .pdf,2022,解析/答案,10,计算机组成原理,第6章,总线,4
2022年计算机408统考真题解析. .pdf,2022,解析/答案,10,计算机组成原理,第7章,输入输出系统、DMA、中断、接口,17
2022年计算机408统考真题解析. .pdf,2022,解析/答案,11,操作系统,第5章,I/O管理、缓冲、磁盘调度、设备管理,6
2022年计算机408统考真题解析. .pdf,2022,解析/答案,11,计算机组成原理,第5章,CPU、数据通路、控制器、流水线、中断异常,1
2022年计算机408统考真题解析. .pdf,2022,解析/答案,11,计算机组成原理,第6章,总线,2
2022年计算机408统考真题解析. .pdf,2022,解析/答案,11,计算机组成原理,第7章,输入输出系统、DMA、中断、接口,8
2023年计算机408统考真题解析. .pdf,2023,解析/答案,1,操作系统,第2章,进程、线程、处理机调度、同步互斥、死锁,1
2023年计算机408统考真题解析. .pdf,2023,解析/答案,3,计算机组成原理,第2章,数据表示与运算,1
2023年计算机408统考真题解析. .pdf,2023,解析/答案,3,计算机组成原理,第5章,CPU、数据通路、控制器、流水线、中断异常,2
2023年计算机408统考真题解析. .pdf,2023,解析/答案,4,计算机组成原理,第2章,数据表示与运算,1
2023年计算机408统考真题解析. .pdf,2023,解析/答案,4,计算机组成原理,第5章,CPU、数据通路、控制器、流水线、中断异常,1
2023年计算机408统考真题解析. .pdf,2023,解析/答案,5,操作系统,第1章,概述、运行机制、中断/异常、系统调用、引导,2
2023年计算机408统考真题解析. .pdf,2023,解析/答案,5,计算机组成原理,第4章,指令系统、寻址方式、机器级程序,2
2023年计算机408统考真题解析. .pdf,2023,解析/答案,5,计算机组成原理,第5章,CPU、数据通路、控制器、流水线、中断异常,5
2023年计算机408统考真题解析. .pdf,2023,解析/答案,6,操作系统,第1章,概述、运行机制、中断/异常、系统调用、引导,1
2023年计算机408统考真题解析. .pdf,2023,解析/答案,6,操作系统,第3章,内存管理、页表、虚拟内存、页面置换,1
2023年计算机408统考真题解析. .pdf,2023,解析/答案,6,计算机组成原理,第5章,CPU、数据通路、控制器、流水线、中断异常,2
2023年计算机408统考真题解析. .pdf,2023,解析/答案,7,计算机组成原理,第5章,CPU、数据通路、控制器、流水线、中断异常,1
2023年计算机408统考真题解析. .pdf,2023,解析/答案,11,计算机组成原理,第5章,CPU、数据通路、控制器、流水线、中断异常,1
25王道408历年真题.pdf,collection,合集,3,操作系统,第3章,内存管理、页表、虚拟内存、页面置换,3
25王道408历年真题.pdf,collection,合集,3,计算机组成原理,第1章,概述、性能指标、层次结构,1
25王道408历年真题.pdf,collection,合集,3,计算机组成原理,第2章,数据表示与运算,9
25王道408历年真题.pdf,collection,合集,3,计算机组成原理,第3章,存储系统、Cache、主存、虚拟存储,23
25王道408历年真题.pdf,collection,合集,3,计算机组成原理,第4章,指令系统、寻址方式、机器级程序,12
25王道408历年真题.pdf,collection,合集,3,计算机组成原理,第5章,CPU、数据通路、控制器、流水线、中断异常,8
25王道408历年真题.pdf,collection,合集,3,计算机组成原理,第6章,总线,3
25王道408历年真题.pdf,collection,合集,4,操作系统,第1章,概述、运行机制、中断/异常、系统调用、引导,20
25王道408历年真题.pdf,collection,合集,4,操作系统,第2章,进程、线程、处理机调度、同步互斥、死锁,13
25王道408历年真题.pdf,collection,合集,4,操作系统,第4章,文件系统、目录、文件分配、空闲空间管理,10
25王道408历年真题.pdf,collection,合集,4,操作系统,第5章,I/O管理、缓冲、磁盘调度、设备管理,10
25王道408历年真题.pdf,collection,合集,4,计算机组成原理,第1章,概述、性能指标、层次结构,1
25王道408历年真题.pdf,collection,合集,4,计算机组成原理,第3章,存储系统、Cache、主存、虚拟存储,1
25王道408历年真题.pdf,collection,合集,4,计算机组成原理,第5章,CPU、数据通路、控制器、流水线、中断异常,25
25王道408历年真题.pdf,collection,合集,4,计算机组成原理,第6章,总线,4
25王道408历年真题.pdf,collection,合集,4,计算机组成原理,第7章,输入输出系统、DMA、中断、接口,14
25王道408历年真题.pdf,collection,合集,6,操作系统,第4章,文件系统、目录、文件分配、空闲空间管理,1
25王道408历年真题.pdf,collection,合集,6,计算机组成原理,第2章,数据表示与运算,3
25王道408历年真题.pdf,collection,合集,6,计算机组成原理,第5章,CPU、数据通路、控制器、流水线、中断异常,4
25王道408历年真题.pdf,collection,合集,7,操作系统,第3章,内存管理、页表、虚拟内存、页面置换,5
25王道408历年真题.pdf,collection,合集,7,计算机组成原理,第2章,数据表示与运算,7
25王道408历年真题.pdf,collection,合集,7,计算机组成原理,第3章,存储系统、Cache、主存、虚拟存储,2
25王道408历年真题.pdf,collection,合集,7,计算机组成原理,第4章,指令系统、寻址方式、机器级程序,15
25王道408历年真题.pdf,collection,合集,7,计算机组成原理,第5章,CPU、数据通路、控制器、流水线、中断异常,8
25王道408历年真题.pdf,collection,合集,8,操作系统,第1章,概述、运行机制、中断/异常、系统调用、引导,3
25王道408历年真题.pdf,collection,合集,8,操作系统,第2章,进程、线程、处理机调度、同步互斥、死锁,14
25王道408历年真题.pdf,collection,合集,8,操作系统,第3章,内存管理、页表、虚拟内存、页面置换,12
25王道408历年真题.pdf,collection,合集,8,操作系统,第5章,I/O管理、缓冲、磁盘调度、设备管理,1
25王道408历年真题.pdf,collection,合集,8,计算机组成原理,第5章,CPU、数据通路、控制器、流水线、中断异常,2
25王道408历年真题.pdf,collection,合集,11,操作系统,第1章,概述、运行机制、中断/异常、系统调用、引导,3
25王道408历年真题.pdf,collection,合集,11,计算机组成原理,第1章,概述、性能指标、层次结构,3
25王道408历年真题.pdf,collection,合集,11,计算机组成原理,第2章,数据表示与运算,4
25王道408历年真题.pdf,collection,合集,11,计算机组成原理,第3章,存储系统、Cache、主存、虚拟存储,7
25王道408历年真题.pdf,collection,合集,11,计算机组成原理,第4章,指令系统、寻址方式、机器级程序,11
25王道408历年真题.pdf,collection,合集,11,计算机组成原理,第5章,CPU、数据通路、控制器、流水线、中断异常,25
25王道408历年真题.pdf,collection,合集,11,计算机组成原理,第6章,总线,5
25王道408历年真题.pdf,collection,合集,12,操作系统,第1章,概述、运行机制、中断/异常、系统调用、引导,16
25王道408历年真题.pdf,collection,合集,12,操作系统,第2章,进程、线程、处理机调度、同步互斥、死锁,13
25王道408历年真题.pdf,collection,合集,12,操作系统,第3章,内存管理、页表、虚拟内存、页面置换,4
25王道408历年真题.pdf,collection,合集,12,操作系统,第4章,文件系统、目录、文件分配、空闲空间管理,9
25王道408历年真题.pdf,collection,合集,12,操作系统,第5章,I/O管理、缓冲、磁盘调度、设备管理,6
25王道408历年真题.pdf,collection,合集,12,计算机组成原理,第1章,概述、性能指标、层次结构,1
25王道408历年真题.pdf,collection,合集,12,计算机组成原理,第4章,指令系统、寻址方式、机器级程序,1
25王道408历年真题.pdf,collection,合集,12,计算机组成原理,第5章,CPU、数据通路、控制器、流水线、中断异常,24
25王道408历年真题.pdf,collection,合集,12,计算机组成原理,第7章,输入输出系统、DMA、中断、接口,8
25王道408历年真题.pdf,collection,合集,13,操作系统,第2章,进程、线程、处理机调度、同步互斥、死锁,1
25王道408历年真题.pdf,collection,合集,13,操作系统,第4章,文件系统、目录、文件分配、空闲空间管理,1
25王道408历年真题.pdf,collection,合集,13,操作系统,第5章,I/O管理、缓冲、磁盘调度、设备管理,6
25王道408历年真题.pdf,collection,合集,13,计算机组成原理,第3章,存储系统、Cache、主存、虚拟存储,1
25王道408历年真题.pdf,collection,合集,13,计算机组成原理,第5章,CPU、数据通路、控制器、流水线、中断异常,1
25王道408历年真题.pdf,collection,合集,13,计算机组成原理,第6章,总线,4
25王道408历年真题.pdf,collection,合集,13,计算机组成原理,第7章,输入输出系统、DMA、中断、接口,6
25王道408历年真题.pdf,collection,合集,14,操作系统,第1章,概述、运行机制、中断/异常、系统调用、引导,1
25王道408历年真题.pdf,collection,合集,14,操作系统,第3章,内存管理、页表、虚拟内存、页面置换,5
25王道408历年真题.pdf,collection,合集,14,操作系统,第4章,文件系统、目录、文件分配、空闲空间管理,1
25王道408历年真题.pdf,collection,合集,14,计算机组成原理,第3章,存储系统、Cache、主存、虚拟存储,12
25王道408历年真题.pdf,collection,合集,14,计算机组成原理,第5章,CPU、数据通路、控制器、流水线、中断异常,1
25王道408历年真题.pdf,collection,合集,15,操作系统,第1章,概述、运行机制、中断/异常、系统调用、引导,1
25王道408历年真题.pdf,collection,合集,15,操作系统,第2章,进程、线程、处理机调度、同步互斥、死锁,10
25王道408历年真题.pdf,collection,合集,15,操作系统,第3章,内存管理、页表、虚拟内存、页面置换,3
25王道408历年真题.pdf,collection,合集,15,计算机组成原理,第3章,存储系统、Cache、主存、虚拟存储,1
25王道408历年真题.pdf,collection,合集,15,计算机组成原理,第4章,指令系统、寻址方式、机器级程序,15
25王道408历年真题.pdf,collection,合集,15,计算机组成原理,第5章,CPU、数据通路、控制器、流水线、中断异常,2
25王道408历年真题.pdf,collection,合集,16,操作系统,第1章,概述、运行机制、中断/异常、系统调用、引导,7
25王道408历年真题.pdf,collection,合集,16,操作系统,第2章,进程、线程、处理机调度、同步互斥、死锁,10
25王道408历年真题.pdf,collection,合集,16,操作系统,第5章,I/O管理、缓冲、磁盘调度、设备管理,1
25王道408历年真题.pdf,collection,合集,16,计算机组成原理,第4章,指令系统、寻址方式、机器级程序,1
25王道408历年真题.pdf,collection,合集,16,计算机组成原理,第5章,CPU、数据通路、控制器、流水线、中断异常,6
25王道408历年真题.pdf,collection,合集,19,计算机组成原理,第1章,概述、性能指标、层次结构,2
25王道408历年真题.pdf,collection,合集,19,计算机组成原理,第2章,数据表示与运算,11
25王道408历年真题.pdf,collection,合集,19,计算机组成原理,第4章,指令系统、寻址方式、机器级程序,14
25王道408历年真题.pdf,collection,合集,19,计算机组成原理,第5章,CPU、数据通路、控制器、流水线、中断异常,6
25王道408历年真题.pdf,collection,合集,20,操作系统,第1章,概述、运行机制、中断/异常、系统调用、引导,13
25王道408历年真题.pdf,collection,合集,20,操作系统,第2章,进程、线程、处理机调度、同步互斥、死锁,4
25王道408历年真题.pdf,collection,合集,20,操作系统,第3章,内存管理、页表、虚拟内存、页面置换,8
25王道408历年真题.pdf,collection,合集,20,操作系统,第5章,I/O管理、缓冲、磁盘调度、设备管理,10
25王道408历年真题.pdf,collection,合集,20,计算机组成原理,第3章,存储系统、Cache、主存、虚拟存储,28
25王道408历年真题.pdf,collection,合集,20,计算机组成原理,第4章,指令系统、寻址方式、机器级程序,6
25王道408历年真题.pdf,collection,合集,20,计算机组成原理,第5章,CPU、数据通路、控制器、流水线、中断异常,18
25王道408历年真题.pdf,collection,合集,20,计算机组成原理,第6章,总线,9
25王道408历年真题.pdf,collection,合集,20,计算机组成原理,第7章,输入输出系统、DMA、中断、接口,12
25王道408历年真题.pdf,collection,合集,21,操作系统,第1章,概述、运行机制、中断/异常、系统调用、引导,8
25王道408历年真题.pdf,collection,合集,21,操作系统,第2章,进程、线程、处理机调度、同步互斥、死锁,32
25王道408历年真题.pdf,collection,合集,21,操作系统,第3章,内存管理、页表、虚拟内存、页面置换,1
25王道408历年真题.pdf,collection,合集,21,操作系统,第4章,文件系统、目录、文件分配、空闲空间管理,24
25王道408历年真题.pdf,collection,合集,21,操作系统,第5章,I/O管理、缓冲、磁盘调度、设备管理,3
25王道408历年真题.pdf,collection,合集,21,计算机组成原理,第4章,指令系统、寻址方式、机器级程序,1
25王道408历年真题.pdf,collection,合集,21,计算机组成原理,第5章,CPU、数据通路、控制器、流水线、中断异常,17
25王道408历年真题.pdf,collection,合集,21,计算机组成原理,第7章,输入输出系统、DMA、中断、接口,3
25王道408历年真题.pdf,collection,合集,22,操作系统,第1章,概述、运行机制、中断/异常、系统调用、引导,2
25王道408历年真题.pdf,collection,合集,22,操作系统,第2章,进程、线程、处理机调度、同步互斥、死锁,2
25王道408历年真题.pdf,collection,合集,22,操作系统,第5章,I/O管理、缓冲、磁盘调度、设备管理,4
25王道408历年真题.pdf,collection,合集,22,计算机组成原理,第3章,存储系统、Cache、主存、虚拟存储,2
25王道408历年真题.pdf,collection,合集,22,计算机组成原理,第5章,CPU、数据通路、控制器、流水线、中断异常,5
25王道408历年真题.pdf,collection,合集,22,计算机组成原理,第6章,总线,2
25王道408历年真题.pdf,collection,合集,23,计算机组成原理,第2章,数据表示与运算,2
25王道408历年真题.pdf,collection,合集,24,操作系统,第4章,文件系统、目录、文件分配、空闲空间管理,3
25王道408历年真题.pdf,collection,合集,25,计算机组成原理,第2章,数据表示与运算,7
25王道408历年真题.pdf,collection,合集,25,计算机组成原理,第3章,存储系统、Cache、主存、虚拟存储,1
25王道408历年真题.pdf,collection,合集,25,计算机组成原理,第4章,指令系统、寻址方式、机器级程序,2
25王道408历年真题.pdf,collection,合集,25,计算机组成原理,第5章,CPU、数据通路、控制器、流水线、中断异常,6
25王道408历年真题.pdf,collection,合集,26,操作系统,第2章,进程、线程、处理机调度、同步互斥、死锁,1
25王道408历年真题.pdf,collection,合集,26,操作系统,第3章,内存管理、页表、虚拟内存、页面置换,5
25王道408历年真题.pdf,collection,合集,26,计算机组成原理,第4章,指令系统、寻址方式、机器级程序,9
25王道408历年真题.pdf,collection,合集,26,计算机组成原理,第5章,CPU、数据通路、控制器、流水线、中断异常,1
25王道408历年真题.pdf,collection,合集,27,操作系统,第1章,概述、运行机制、中断/异常、系统调用、引导,1
25王道408历年真题.pdf,collection,合集,27,操作系统,第2章,进程、线程、处理机调度、同步互斥、死锁,14
25王道408历年真题.pdf,collection,合集,27,操作系统,第5章,I/O管理、缓冲、磁盘调度、设备管理,1
25王道408历年真题.pdf,collection,合集,28,操作系统,第1章,概述、运行机制、中断/异常、系统调用、引导,1
25王道408历年真题.pdf,collection,合集,28,计算机组成原理,第5章,CPU、数据通路、控制器、流水线、中断异常,4
2025年计算机408统考真题及答案.pdf,2025,解析/答案,3,操作系统,第4章,文件系统、目录、文件分配、空闲空间管理,1
2025年计算机408统考真题及答案.pdf,2025,解析/答案,5,计算机组成原理,第2章,数据表示与运算,1
2025年计算机408统考真题及答案.pdf,2025,解析/答案,5,计算机组成原理,第4章,指令系统、寻址方式、机器级程序,2
2025年计算机408统考真题及答案.pdf,2025,解析/答案,6,计算机组成原理,第4章,指令系统、寻址方式、机器级程序,1
2025年计算机408统考真题及答案.pdf,2025,解析/答案,6,计算机组成原理,第5章,CPU、数据通路、控制器、流水线、中断异常,2
2025年计算机408统考真题及答案.pdf,2025,解析/答案,6,计算机组成原理,第6章,总线,1
2025年计算机408统考真题及答案.pdf,2025,解析/答案,7,计算机组成原理,第1章,概述、性能指标、层次结构,2
2025年计算机408统考真题及答案.pdf,2025,解析/答案,7,计算机组成原理,第4章,指令系统、寻址方式、机器级程序,14
2025年计算机408统考真题及答案.pdf,2025,解析/答案,7,计算机组成原理,第5章,CPU、数据通路、控制器、流水线、中断异常,4
2025年计算机408统考真题及答案.pdf,2025,解析/答案,7,计算机组成原理,第6章,总线,1
2025年计算机408统考真题及答案.pdf,2025,解析/答案,8,操作系统,第2章,进程、线程、处理机调度、同步互斥、死锁,1
2025年计算机408统考真题及答案.pdf,2025,解析/答案,8,操作系统,第5章,I/O管理、缓冲、磁盘调度、设备管理,2
2025年计算机408统考真题及答案.pdf,2025,解析/答案,8,计算机组成原理,第1章,概述、性能指标、层次结构,3
2025年计算机408统考真题及答案.pdf,2025,解析/答案,8,计算机组成原理,第4章,指令系统、寻址方式、机器级程序,4
2025年计算机408统考真题及答案.pdf,2025,解析/答案,8,计算机组成原理,第5章,CPU、数据通路、控制器、流水线、中断异常,11
2025年计算机408统考真题及答案.pdf,2025,解析/答案,8,计算机组成原理,第6章,总线,2
2025年计算机408统考真题及答案.pdf,2025,解析/答案,8,计算机组成原理,第7章,输入输出系统、DMA、中断、接口,2
2025年计算机408统考真题及答案.pdf,2025,解析/答案,9,操作系统,第1章,概述、运行机制、中断/异常、系统调用、引导,1
2025年计算机408统考真题及答案.pdf,2025,解析/答案,9,操作系统,第5章,I/O管理、缓冲、磁盘调度、设备管理,9
2025年计算机408统考真题及答案.pdf,2025,解析/答案,9,计算机组成原理,第4章,指令系统、寻址方式、机器级程序,1
2025年计算机408统考真题及答案.pdf,2025,解析/答案,9,计算机组成原理,第5章,CPU、数据通路、控制器、流水线、中断异常,5
2025年计算机408统考真题及答案.pdf,2025,解析/答案,9,计算机组成原理,第6章,总线,1
2025年计算机408统考真题及答案.pdf,2025,解析/答案,9,计算机组成原理,第7章,输入输出系统、DMA、中断、接口,9
2025年计算机408统考真题及答案.pdf,2025,解析/答案,10,操作系统,第1章,概述、运行机制、中断/异常、系统调用、引导,9
2025年计算机408统考真题及答案.pdf,2025,解析/答案,10,操作系统,第2章,进程、线程、处理机调度、同步互斥、死锁,4
2025年计算机408统考真题及答案.pdf,2025,解析/答案,10,操作系统,第3章,内存管理、页表、虚拟内存、页面置换,4
2025年计算机408统考真题及答案.pdf,2025,解析/答案,10,操作系统,第5章,I/O管理、缓冲、磁盘调度、设备管理,3
2025年计算机408统考真题及答案.pdf,2025,解析/答案,10,计算机组成原理,第4章,指令系统、寻址方式、机器级程序,4
2025年计算机408统考真题及答案.pdf,2025,解析/答案,10,计算机组成原理,第5章,CPU、数据通路、控制器、流水线、中断异常,21
2025年计算机408统考真题及答案.pdf,2025,解析/答案,10,计算机组成原理,第6章,总线,3
2025年计算机408统考真题及答案.pdf,2025,解析/答案,10,计算机组成原理,第7章,输入输出系统、DMA、中断、接口,3
2025年计算机408统考真题及答案.pdf,2025,解析/答案,11,操作系统,第1章,概述、运行机制、中断/异常、系统调用、引导,7
2025年计算机408统考真题及答案.pdf,2025,解析/答案,11,操作系统,第2章,进程、线程、处理机调度、同步互斥、死锁,3
2025年计算机408统考真题及答案.pdf,2025,解析/答案,11,计算机组成原理,第5章,CPU、数据通路、控制器、流水线、中断异常,6
2025年计算机408统考真题及答案.pdf,2025,解析/答案,12,操作系统,第2章,进程、线程、处理机调度、同步互斥、死锁,3
2025年计算机408统考真题及答案.pdf,2025,解析/答案,12,操作系统,第3章,内存管理、页表、虚拟内存、页面置换,1
2025年计算机408统考真题及答案.pdf,2025,解析/答案,12,操作系统,第4章,文件系统、目录、文件分配、空闲空间管理,1
2025年计算机408统考真题及答案.pdf,2025,解析/答案,12,计算机组成原理,第4章,指令系统、寻址方式、机器级程序,7
2025年计算机408统考真题及答案.pdf,2025,解析/答案,13,操作系统,第4章,文件系统、目录、文件分配、空闲空间管理,36
2025年计算机408统考真题及答案.pdf,2025,解析/答案,13,计算机组成原理,第7章,输入输出系统、DMA、中断、接口,2
2025年计算机408统考真题及答案.pdf,2025,解析/答案,14,操作系统,第2章,进程、线程、处理机调度、同步互斥、死锁,3
2025年计算机408统考真题及答案.pdf,2025,解析/答案,14,操作系统,第3章,内存管理、页表、虚拟内存、页面置换,3
2025年计算机408统考真题及答案.pdf,2025,解析/答案,14,操作系统,第4章,文件系统、目录、文件分配、空闲空间管理,16
2025年计算机408统考真题及答案.pdf,2025,解析/答案,14,计算机组成原理,第3章,存储系统、Cache、主存、虚拟存储,5
2025年计算机408统考真题及答案.pdf,2025,解析/答案,15,操作系统,第2章,进程、线程、处理机调度、同步互斥、死锁,2
2025年计算机408统考真题及答案.pdf,2025,解析/答案,15,操作系统,第4章,文件系统、目录、文件分配、空闲空间管理,6
2025年计算机408统考真题及答案.pdf,2025,解析/答案,15,操作系统,第5章,I/O管理、缓冲、磁盘调度、设备管理,1
2025年计算机408统考真题及答案.pdf,2025,解析/答案,15,计算机组成原理,第4章,指令系统、寻址方式、机器级程序,1
2025年计算机408统考真题及答案.pdf,2025,解析/答案,15,计算机组成原理,第5章,CPU、数据通路、控制器、流水线、中断异常,1
2025年计算机408统考真题及答案.pdf,2025,解析/答案,15,计算机组成原理,第7章,输入输出系统、DMA、中断、接口,1
2025年计算机408统考真题及答案.pdf,2025,解析/答案,16,操作系统,第4章,文件系统、目录、文件分配、空闲空间管理,2
2025年计算机408统考真题及答案.pdf,2025,解析/答案,16,计算机组成原理,第1章,概述、性能指标、层次结构,1
2025年计算机408统考真题及答案.pdf,2025,解析/答案,16,计算机组成原理,第5章,CPU、数据通路、控制器、流水线、中断异常,1
2025年计算机408统考真题及答案.pdf,2025,解析/答案,16,计算机组成原理,第6章,总线,1
2025年计算机408统考真题及答案.pdf,2025,解析/答案,18,操作系统,第5章,I/O管理、缓冲、磁盘调度、设备管理,2
2025年计算机408统考真题及答案.pdf,2025,解析/答案,18,计算机组成原理,第5章,CPU、数据通路、控制器、流水线、中断异常,1
2025年计算机408统考真题及答案.pdf,2025,解析/答案,18,计算机组成原理,第7章,输入输出系统、DMA、中断、接口,2
2025年计算机408统考真题及答案.pdf,2025,解析/答案,19,计算机组成原理,第1章,概述、性能指标、层次结构,1
2025年计算机408统考真题及答案.pdf,2025,解析/答案,22,计算机组成原理,第4章,指令系统、寻址方式、机器级程序,1
2025年计算机408统考真题及答案.pdf,2025,解析/答案,24,操作系统,第3章,内存管理、页表、虚拟内存、页面置换,1
2025年计算机408统考真题及答案.pdf,2025,解析/答案,24,操作系统,第4章,文件系统、目录、文件分配、空闲空间管理,1
2025年计算机408统考真题及答案.pdf,2025,解析/答案,24,计算机组成原理,第1章,概述、性能指标、层次结构,1
2025年计算机408统考真题及答案.pdf,2025,解析/答案,24,计算机组成原理,第3章,存储系统、Cache、主存、虚拟存储,13
2025年计算机408统考真题及答案.pdf,2025,解析/答案,24,计算机组成原理,第4章,指令系统、寻址方式、机器级程序,1
2025年计算机408统考真题及答案.pdf,2025,解析/答案,25,计算机组成原理,第2章,数据表示与运算,2
2025年计算机408统考真题及答案.pdf,2025,解析/答案,26,操作系统,第1章,概述、运行机制、中断/异常、系统调用、引导,8
2025年计算机408统考真题及答案.pdf,2025,解析/答案,26,计算机组成原理,第2章,数据表示与运算,8
2025年计算机408统考真题及答案.pdf,2025,解析/答案,26,计算机组成原理,第4章,指令系统、寻址方式、机器级程序,2
2025年计算机408统考真题及答案.pdf,2025,解析/答案,26,计算机组成原理,第5章,CPU、数据通路、控制器、流水线、中断异常,12
2025年计算机408统考真题及答案.pdf,2025,解析/答案,27,操作系统,第2章,进程、线程、处理机调度、同步互斥、死锁,5
2025年计算机408统考真题及答案.pdf,2025,解析/答案,28,操作系统,第2章,进程、线程、处理机调度、同步互斥、死锁,2
2025年计算机408统考真题及答案.pdf,2025,解析/答案,29,操作系统,第1章,概述、运行机制、中断/异常、系统调用、引导,1
2025年计算机408统考真题及答案.pdf,2025,解析/答案,29,操作系统,第2章,进程、线程、处理机调度、同步互斥、死锁,3
2025年计算机408统考真题及答案.pdf,2025,解析/答案,29,计算机组成原理,第5章,CPU、数据通路、控制器、流水线、中断异常,3
2025年计算机408统考真题及答案.pdf,2025,解析/答案,30,操作系统,第4章,文件系统、目录、文件分配、空闲空间管理,1
2025年计算机408统考真题及答案.pdf,2025,解析/答案,31,操作系统,第4章,文件系统、目录、文件分配、空闲空间管理,3
2025年计算机408统考真题及答案.pdf,2025,解析/答案,31,计算机组成原理,第6章,总线,3
