file_name,year,kind,page,method,chars,cjk_chars
2009年计算机408统考真题. .pdf,2009,真题,1,ocr_easyocr,673,465
2009年计算机408统考真题. .pdf,2009,真题,2,ocr_easyocr,1369,621
2009年计算机408统考真题. .pdf,2009,真题,3,ocr_easyocr,1108,658
2009年计算机408统考真题. .pdf,2009,真题,4,ocr_easyocr,1295,719
2009年计算机408统考真题. .pdf,2009,真题,5,ocr_easyocr,1119,656
2009年计算机408统考真题. .pdf,2009,真题,6,ocr_easyocr,457,327
2009年计算机408统考真题. .pdf,2009,真题,7,ocr_easyocr,1121,563
2009年计算机408统考真题. .pdf,2009,真题,8,ocr_easyocr,258,160
2010年计算机408统考真题. .pdf,2010,真题,1,ocr_easyocr,655,420
2010年计算机408统考真题. .pdf,2010,真题,2,ocr_easyocr,1041,534
2010年计算机408统考真题. .pdf,2010,真题,3,ocr_easyocr,1021,466
2010年计算机408统考真题. .pdf,2010,真题,4,ocr_easyocr,993,517
2010年计算机408统考真题. .pdf,2010,真题,5,ocr_easyocr,1312,715
2010年计算机408统考真题. .pdf,2010,真题,6,ocr_easyocr,1259,587
2010年计算机408统考真题. .pdf,2010,真题,7,ocr_easyocr,844,552
2010年计算机408统考真题. .pdf,2010,真题,8,ocr_easyocr,368,273
2011年计算机408统考真题. .pdf,2011,真题,1,digital_text,1114,475
2011年计算机408统考真题. .pdf,2011,真题,2,digital_text,1333,654
2011年计算机408统考真题. .pdf,2011,真题,3,digital_text,1177,599
2011年计算机408统考真题. .pdf,2011,真题,4,digital_text,1263,508
2011年计算机408统考真题. .pdf,2011,真题,5,digital_text,1366,636
2011年计算机408统考真题. .pdf,2011,真题,6,ocr_easyocr,457,327
2011年计算机408统考真题. .pdf,2011,真题,7,digital_text,1034,544
2011年计算机408统考真题. .pdf,2011,真题,8,digital_text,1104,442
2011年计算机408统考真题. .pdf,2011,真题,9,digital_text,297,104
2012年计算机408统考真题. .pdf,2012,真题,1,ocr_easyocr,740,435
2012年计算机408统考真题. .pdf,2012,真题,2,digital_text,1125,482
2012年计算机408统考真题. .pdf,2012,真题,3,digital_text,1234,698
2012年计算机408统考真题. .pdf,2012,真题,4,digital_text,1183,595
2012年计算机408统考真题. .pdf,2012,真题,5,digital_text,1212,613
2012年计算机408统考真题. .pdf,2012,真题,6,digital_text,1273,763
2012年计算机408统考真题. .pdf,2012,真题,7,digital_text,1365,762
2012年计算机408统考真题. .pdf,2012,真题,8,digital_text,1308,262
2013年计算机408统考真题. .pdf,2013,真题,1,ocr_easyocr,813,441
2013年计算机408统考真题. .pdf,2013,真题,2,ocr_easyocr,741,295
2013年计算机408统考真题. .pdf,2013,真题,3,ocr_easyocr,1194,645
2013年计算机408统考真题. .pdf,2013,真题,4,ocr_easyocr,899,583
2013年计算机408统考真题. .pdf,2013,真题,5,ocr_easyocr,1216,526
2013年计算机408统考真题. .pdf,2013,真题,6,ocr_easyocr,1461,849
2013年计算机408统考真题. .pdf,2013,真题,7,ocr_easyocr,688,417
2013年计算机408统考真题. .pdf,2013,真题,8,ocr_easyocr,416,209
2014年计算机408统考真题. .pdf,2014,真题,1,digital_text,1061,379
2014年计算机408统考真题. .pdf,2014,真题,2,digital_text,1291,554
2014年计算机408统考真题. .pdf,2014,真题,3,digital_text,1321,784
2014年计算机408统考真题. .pdf,2014,真题,4,digital_text,1302,571
2014年计算机408统考真题. .pdf,2014,真题,5,digital_text,1214,408
2014年计算机408统考真题. .pdf,2014,真题,6,digital_text,1588,716
2014年计算机408统考真题. .pdf,2014,真题,7,digital_text,724,533
2015年计算机408统考真题. .pdf,2015,真题,1,ocr_easyocr,790,389
2015年计算机408统考真题. .pdf,2015,真题,2,ocr_easyocr,1163,544
2015年计算机408统考真题. .pdf,2015,真题,3,ocr_easyocr,1100,673
2015年计算机408统考真题. .pdf,2015,真题,4,ocr_easyocr,963,648
2015年计算机408统考真题. .pdf,2015,真题,5,ocr_easyocr,832,421
2015年计算机408统考真题. .pdf,2015,真题,6,ocr_easyocr,723,383
2015年计算机408统考真题. .pdf,2015,真题,7,ocr_easyocr,1061,476
2015年计算机408统考真题. .pdf,2015,真题,8,ocr_easyocr,856,479
2015年计算机408统考真题. .pdf,2015,真题,9,ocr_easyocr,229,117
2016年计算机408统考真题. .pdf,2016,真题,1,ocr_easyocr,843,319
2016年计算机408统考真题. .pdf,2016,真题,2,ocr_easyocr,757,380
2016年计算机408统考真题. .pdf,2016,真题,3,ocr_easyocr,1182,566
2016年计算机408统考真题. .pdf,2016,真题,4,ocr_easyocr,1000,504
2016年计算机408统考真题. .pdf,2016,真题,5,ocr_easyocr,749,373
2016年计算机408统考真题. .pdf,2016,真题,6,ocr_easyocr,1089,397
2016年计算机408统考真题. .pdf,2016,真题,7,ocr_easyocr,1440,860
2016年计算机408统考真题. .pdf,2016,真题,8,ocr_easyocr,1023,559
2017年计算机408统考真题. .pdf,2017,真题,1,digital_text,1138,422
2017年计算机408统考真题. .pdf,2017,真题,2,digital_text,1063,554
2017年计算机408统考真题. .pdf,2017,真题,3,digital_text,1106,595
2017年计算机408统考真题. .pdf,2017,真题,4,digital_text,1298,728
2017年计算机408统考真题. .pdf,2017,真题,5,digital_text,1182,366
2017年计算机408统考真题. .pdf,2017,真题,6,digital_text,1072,377
2017年计算机408统考真题. .pdf,2017,真题,7,digital_text,1041,380
2017年计算机408统考真题. .pdf,2017,真题,8,digital_text,634,417
2018年计算机408统考真题. .pdf,2018,真题,1,ocr_easyocr,822,408
2018年计算机408统考真题. .pdf,2018,真题,2,ocr_easyocr,1362,401
2018年计算机408统考真题. .pdf,2018,真题,3,ocr_easyocr,1295,647
2018年计算机408统考真题. .pdf,2018,真题,4,ocr_easyocr,1033,562
2018年计算机408统考真题. .pdf,2018,真题,5,ocr_easyocr,1266,517
2018年计算机408统考真题. .pdf,2018,真题,6,ocr_easyocr,1026,574
2018年计算机408统考真题. .pdf,2018,真题,7,ocr_easyocr,942,540
2018年计算机408统考真题. .pdf,2018,真题,8,ocr_easyocr,294,126
2019年计算机408统考真题. .pdf,2019,真题,1,digital_text,860,422
2019年计算机408统考真题. .pdf,2019,真题,2,digital_text,1335,698
2019年计算机408统考真题. .pdf,2019,真题,3,digital_text,1232,605
2019年计算机408统考真题. .pdf,2019,真题,4,digital_text,1285,697
2019年计算机408统考真题. .pdf,2019,真题,5,digital_text,854,377
2019年计算机408统考真题. .pdf,2019,真题,6,digital_text,1501,617
2019年计算机408统考真题. .pdf,2019,真题,7,digital_text,1033,609
2021年计算机408统考真题. .pdf,2021,真题,1,digital_text,1017,342
2021年计算机408统考真题. .pdf,2021,真题,2,digital_text,841,267
2021年计算机408统考真题. .pdf,2021,真题,3,digital_text,1140,550
2021年计算机408统考真题. .pdf,2021,真题,4,digital_text,1168,554
2021年计算机408统考真题. .pdf,2021,真题,5,ocr_easyocr,457,327
2021年计算机408统考真题. .pdf,2021,真题,6,digital_text,993,468
2021年计算机408统考真题. .pdf,2021,真题,7,digital_text,906,335
2021年计算机408统考真题. .pdf,2021,真题,8,digital_text,1183,405
2021年计算机408统考真题. .pdf,2021,真题,9,digital_text,1064,521
2021年计算机408统考真题. .pdf,2021,真题,10,ocr_easyocr,894,547
2022年计算机408统考真题. .pdf,2022,真题,1,digital_text,430,346
2022年计算机408统考真题. .pdf,2022,真题,2,digital_text,1445,538
2022年计算机408统考真题. .pdf,2022,真题,3,digital_text,1505,691
2022年计算机408统考真题. .pdf,2022,真题,4,digital_text,1201,603
2022年计算机408统考真题. .pdf,2022,真题,5,digital_text,1582,624
2022年计算机408统考真题. .pdf,2022,真题,6,digital_text,922,484
2022年计算机408统考真题. .pdf,2022,真题,7,ocr_easyocr,457,327
2022年计算机408统考真题. .pdf,2022,真题,8,digital_text,1002,655
2022年计算机408统考真题. .pdf,2022,真题,9,digital_text,1133,529
2023年计算机408统考真题. .pdf,2023,真题,1,ocr_easyocr,387,160
2023年计算机408统考真题. .pdf,2023,真题,2,ocr_easyocr,377,192
2023年计算机408统考真题. .pdf,2023,真题,3,ocr_easyocr,499,202
2023年计算机408统考真题. .pdf,2023,真题,4,ocr_easyocr,672,159
2023年计算机408统考真题. .pdf,2023,真题,5,ocr_easyocr,624,220
2023年计算机408统考真题. .pdf,2023,真题,6,ocr_easyocr,556,163
2023年计算机408统考真题. .pdf,2023,真题,7,ocr_easyocr,799,68
2023年计算机408统考真题. .pdf,2023,真题,8,ocr_easyocr,674,220
2023年计算机408统考真题. .pdf,2023,真题,9,ocr_easyocr,654,41
2023年计算机408统考真题. .pdf,2023,真题,10,ocr_easyocr,564,29
2023年计算机408统考真题. .pdf,2023,真题,11,ocr_easyocr,644,184
2023年计算机408统考真题. .pdf,2023,真题,12,ocr_easyocr,459,328
2023年计算机408统考真题. .pdf,2023,真题,13,ocr_easyocr,550,297
2009年计算机408统考真题解析. .pdf,2009,解析/答案,1,digital_text,1261,487
2009年计算机408统考真题解析. .pdf,2009,解析/答案,2,digital_text,830,583
2009年计算机408统考真题解析. .pdf,2009,解析/答案,3,digital_text,1334,737
2009年计算机408统考真题解析. .pdf,2009,解析/答案,4,digital_text,1369,790
2009年计算机408统考真题解析. .pdf,2009,解析/答案,5,digital_text,1233,934
2009年计算机408统考真题解析. .pdf,2009,解析/答案,6,digital_text,1369,967
2009年计算机408统考真题解析. .pdf,2009,解析/答案,7,digital_text,1045,640
2009年计算机408统考真题解析. .pdf,2009,解析/答案,8,digital_text,1374,711
2009年计算机408统考真题解析. .pdf,2009,解析/答案,9,digital_text,1142,419
2009年计算机408统考真题解析. .pdf,2009,解析/答案,10,digital_text,927,341
2009年计算机408统考真题解析. .pdf,2009,解析/答案,11,digital_text,1590,681
2009年计算机408统考真题解析. .pdf,2009,解析/答案,12,digital_text,201,104
2010年计算机408统考真题解析. .pdf,2010,解析/答案,1,digital_text,1268,493
2010年计算机408统考真题解析. .pdf,2010,解析/答案,2,digital_text,1035,666
2010年计算机408统考真题解析. .pdf,2010,解析/答案,3,digital_text,1377,936
2010年计算机408统考真题解析. .pdf,2010,解析/答案,4,digital_text,1295,812
2010年计算机408统考真题解析. .pdf,2010,解析/答案,5,digital_text,1068,769
2010年计算机408统考真题解析. .pdf,2010,解析/答案,6,digital_text,1186,808
2010年计算机408统考真题解析. .pdf,2010,解析/答案,7,digital_text,1386,918
2010年计算机408统考真题解析. .pdf,2010,解析/答案,8,digital_text,1120,371
2010年计算机408统考真题解析. .pdf,2010,解析/答案,9,digital_text,1252,599
2010年计算机408统考真题解析. .pdf,2010,解析/答案,10,digital_text,1195,529
2010年计算机408统考真题解析. .pdf,2010,解析/答案,11,digital_text,1402,741
2011年计算机408统考真题解析. .pdf,2011,解析/答案,1,digital_text,1460,600
2011年计算机408统考真题解析. .pdf,2011,解析/答案,2,digital_text,939,672
2011年计算机408统考真题解析. .pdf,2011,解析/答案,3,digital_text,1255,683
2011年计算机408统考真题解析. .pdf,2011,解析/答案,4,digital_text,1341,974
2011年计算机408统考真题解析. .pdf,2011,解析/答案,5,digital_text,1489,1086
2011年计算机408统考真题解析. .pdf,2011,解析/答案,6,digital_text,1514,930
2011年计算机408统考真题解析. .pdf,2011,解析/答案,7,digital_text,1147,515
2011年计算机408统考真题解析. .pdf,2011,解析/答案,8,digital_text,1147,140
2011年计算机408统考真题解析. .pdf,2011,解析/答案,9,digital_text,1228,680
2011年计算机408统考真题解析. .pdf,2011,解析/答案,10,digital_text,1500,734
2011年计算机408统考真题解析. .pdf,2011,解析/答案,11,digital_text,1380,657
2011年计算机408统考真题解析. .pdf,2011,解析/答案,12,digital_text,737,439
2012年计算机408统考真题解析. .pdf,2012,解析/答案,1,digital_text,1101,290
2012年计算机408统考真题解析. .pdf,2012,解析/答案,2,digital_text,877,444
2012年计算机408统考真题解析. .pdf,2012,解析/答案,3,digital_text,1369,791
2012年计算机408统考真题解析. .pdf,2012,解析/答案,4,digital_text,1350,802
2012年计算机408统考真题解析. .pdf,2012,解析/答案,5,digital_text,1424,688
2012年计算机408统考真题解析. .pdf,2012,解析/答案,6,digital_text,1184,769
2012年计算机408统考真题解析. .pdf,2012,解析/答案,7,digital_text,1386,845
2012年计算机408统考真题解析. .pdf,2012,解析/答案,8,digital_text,1284,770
2012年计算机408统考真题解析. .pdf,2012,解析/答案,9,digital_text,1304,724
2012年计算机408统考真题解析. .pdf,2012,解析/答案,10,digital_text,1394,668
2012年计算机408统考真题解析. .pdf,2012,解析/答案,11,digital_text,1413,746
2013年计算机408统考真题解析. .pdf,2013,解析/答案,1,digital_text,927,384
2013年计算机408统考真题解析. .pdf,2013,解析/答案,2,digital_text,760,489
2013年计算机408统考真题解析. .pdf,2013,解析/答案,3,digital_text,1110,401
2013年计算机408统考真题解析. .pdf,2013,解析/答案,4,digital_text,1219,705
2013年计算机408统考真题解析. .pdf,2013,解析/答案,5,digital_text,1068,821
2013年计算机408统考真题解析. .pdf,2013,解析/答案,6,digital_text,1221,751
2013年计算机408统考真题解析. .pdf,2013,解析/答案,7,digital_text,1156,435
2013年计算机408统考真题解析. .pdf,2013,解析/答案,8,digital_text,1209,772
2013年计算机408统考真题解析. .pdf,2013,解析/答案,9,digital_text,1342,643
2013年计算机408统考真题解析. .pdf,2013,解析/答案,10,digital_text,1150,504
2013年计算机408统考真题解析. .pdf,2013,解析/答案,11,digital_text,278,157
2014年计算机408统考真题解析. .pdf,2014,解析/答案,1,digital_text,1172,433
2014年计算机408统考真题解析. .pdf,2014,解析/答案,2,digital_text,1438,798
2014年计算机408统考真题解析. .pdf,2014,解析/答案,3,digital_text,1490,882
2014年计算机408统考真题解析. .pdf,2014,解析/答案,4,digital_text,1487,910
2014年计算机408统考真题解析. .pdf,2014,解析/答案,5,digital_text,1230,889
2014年计算机408统考真题解析. .pdf,2014,解析/答案,6,digital_text,1595,887
2014年计算机408统考真题解析. .pdf,2014,解析/答案,7,digital_text,1244,603
2014年计算机408统考真题解析. .pdf,2014,解析/答案,8,digital_text,1486,589
2014年计算机408统考真题解析. .pdf,2014,解析/答案,9,digital_text,1389,640
2014年计算机408统考真题解析. .pdf,2014,解析/答案,10,digital_text,845,176
2014年计算机408统考真题解析. .pdf,2014,解析/答案,11,digital_text,1215,651
2014年计算机408统考真题解析. .pdf,2014,解析/答案,12,digital_text,1521,919
2014年计算机408统考真题解析. .pdf,2014,解析/答案,13,digital_text,1201,633
2014年计算机408统考真题解析. .pdf,2014,解析/答案,14,digital_text,270,196
2015年计算机408统考真题解析. .pdf,2015,解析/答案,1,digital_text,1035,467
2015年计算机408统考真题解析. .pdf,2015,解析/答案,2,digital_text,1017,477
2015年计算机408统考真题解析. .pdf,2015,解析/答案,3,digital_text,1357,781
2015年计算机408统考真题解析. .pdf,2015,解析/答案,4,digital_text,1282,918
2015年计算机408统考真题解析. .pdf,2015,解析/答案,5,digital_text,1344,831
2015年计算机408统考真题解析. .pdf,2015,解析/答案,6,digital_text,963,345
2015年计算机408统考真题解析. .pdf,2015,解析/答案,7,digital_text,1240,531
2015年计算机408统考真题解析. .pdf,2015,解析/答案,8,digital_text,1420,550
2016年计算机408统考真题解析. .pdf,2016,解析/答案,1,digital_text,1115,528
2016年计算机408统考真题解析. .pdf,2016,解析/答案,2,digital_text,1346,750
2016年计算机408统考真题解析. .pdf,2016,解析/答案,3,digital_text,1166,674
2016年计算机408统考真题解析. .pdf,2016,解析/答案,4,digital_text,1369,738
2016年计算机408统考真题解析. .pdf,2016,解析/答案,5,digital_text,1386,1030
2016年计算机408统考真题解析. .pdf,2016,解析/答案,6,digital_text,1200,759
2016年计算机408统考真题解析. .pdf,2016,解析/答案,7,digital_text,1084,733
2016年计算机408统考真题解析. .pdf,2016,解析/答案,8,digital_text,1635,837
2016年计算机408统考真题解析. .pdf,2016,解析/答案,9,digital_text,1505,848
2016年计算机408统考真题解析. .pdf,2016,解析/答案,10,digital_text,1130,392
2016年计算机408统考真题解析. .pdf,2016,解析/答案,11,digital_text,1514,722
2016年计算机408统考真题解析. .pdf,2016,解析/答案,12,digital_text,752,366
2017年计算机408统考真题解析. .pdf,2017,解析/答案,1,digital_text,999,456
2017年计算机408统考真题解析. .pdf,2017,解析/答案,2,digital_text,975,602
2017年计算机408统考真题解析. .pdf,2017,解析/答案,3,digital_text,1338,974
2017年计算机408统考真题解析. .pdf,2017,解析/答案,4,digital_text,1243,943
2017年计算机408统考真题解析. .pdf,2017,解析/答案,5,digital_text,1387,751
2017年计算机408统考真题解析. .pdf,2017,解析/答案,6,digital_text,1166,649
2017年计算机408统考真题解析. .pdf,2017,解析/答案,7,digital_text,1519,716
2017年计算机408统考真题解析. .pdf,2017,解析/答案,8,digital_text,1493,701
2017年计算机408统考真题解析. .pdf,2017,解析/答案,9,digital_text,1286,474
2017年计算机408统考真题解析. .pdf,2017,解析/答案,10,digital_text,235,105
2018年计算机408统考真题解析. .pdf,2018,解析/答案,1,digital_text,1012,369
2018年计算机408统考真题解析. .pdf,2018,解析/答案,2,digital_text,904,405
2018年计算机408统考真题解析. .pdf,2018,解析/答案,3,digital_text,1472,895
2018年计算机408统考真题解析. .pdf,2018,解析/答案,4,digital_text,1284,795
2018年计算机408统考真题解析. .pdf,2018,解析/答案,5,digital_text,1424,1026
2018年计算机408统考真题解析. .pdf,2018,解析/答案,6,digital_text,1458,833
2018年计算机408统考真题解析. .pdf,2018,解析/答案,7,digital_text,1268,551
2018年计算机408统考真题解析. .pdf,2018,解析/答案,8,digital_text,1545,867
2018年计算机408统考真题解析. .pdf,2018,解析/答案,9,digital_text,999,511
2019年计算机408统考真题解析. .pdf,2019,解析/答案,1,ocr_easyocr,682,471
2019年计算机408统考真题解析. .pdf,2019,解析/答案,2,ocr_easyocr,670,471
2019年计算机408统考真题解析. .pdf,2019,解析/答案,3,ocr_easyocr,921,634
2019年计算机408统考真题解析. .pdf,2019,解析/答案,4,ocr_easyocr,1368,873
2019年计算机408统考真题解析. .pdf,2019,解析/答案,5,ocr_easyocr,1244,823
2019年计算机408统考真题解析. .pdf,2019,解析/答案,6,ocr_easyocr,1102,806
2019年计算机408统考真题解析. .pdf,2019,解析/答案,7,ocr_easyocr,1179,842
2019年计算机408统考真题解析. .pdf,2019,解析/答案,8,ocr_easyocr,1544,710
2019年计算机408统考真题解析. .pdf,2019,解析/答案,9,ocr_easyocr,1140,580
2019年计算机408统考真题解析. .pdf,2019,解析/答案,10,ocr_easyocr,892,492
2019年计算机408统考真题解析. .pdf,2019,解析/答案,11,ocr_easyocr,1498,621
2019年计算机408统考真题解析. .pdf,2019,解析/答案,12,ocr_easyocr,1131,489
2020年计算机408统考真题解析. .pdf,2020,解析/答案,1,digital_text,701,230
2020年计算机408统考真题解析. .pdf,2020,解析/答案,2,digital_text,767,516
2020年计算机408统考真题解析. .pdf,2020,解析/答案,3,digital_text,689,485
2020年计算机408统考真题解析. .pdf,2020,解析/答案,4,digital_text,1233,554
2020年计算机408统考真题解析. .pdf,2020,解析/答案,5,digital_text,1256,887
2020年计算机408统考真题解析. .pdf,2020,解析/答案,6,digital_text,1195,772
2020年计算机408统考真题解析. .pdf,2020,解析/答案,7,digital_text,818,601
2020年计算机408统考真题解析. .pdf,2020,解析/答案,8,digital_text,1319,694
2020年计算机408统考真题解析. .pdf,2020,解析/答案,9,digital_text,1292,415
2020年计算机408统考真题解析. .pdf,2020,解析/答案,10,digital_text,1539,923
2020年计算机408统考真题解析. .pdf,2020,解析/答案,11,digital_text,1089,383
2020年计算机408统考真题解析. .pdf,2020,解析/答案,12,digital_text,876,505
2020年计算机408统考真题解析. .pdf,2020,解析/答案,13,digital_text,761,356
2021年计算机408统考真题解析. .pdf,2021,解析/答案,1,ocr_easyocr,623,397
2021年计算机408统考真题解析. .pdf,2021,解析/答案,2,ocr_easyocr,691,418
2021年计算机408统考真题解析. .pdf,2021,解析/答案,3,ocr_easyocr,727,368
2021年计算机408统考真题解析. .pdf,2021,解析/答案,4,ocr_easyocr,1243,667
2021年计算机408统考真题解析. .pdf,2021,解析/答案,5,ocr_easyocr,1129,828
2021年计算机408统考真题解析. .pdf,2021,解析/答案,6,ocr_easyocr,1137,825
2021年计算机408统考真题解析. .pdf,2021,解析/答案,7,ocr_easyocr,457,327
2021年计算机408统考真题解析. .pdf,2021,解析/答案,8,ocr_easyocr,1164,660
2021年计算机408统考真题解析. .pdf,2021,解析/答案,9,ocr_easyocr,820,394
2021年计算机408统考真题解析. .pdf,2021,解析/答案,10,ocr_easyocr,1298,596
2021年计算机408统考真题解析. .pdf,2021,解析/答案,11,ocr_easyocr,1380,869
2021年计算机408统考真题解析. .pdf,2021,解析/答案,12,ocr_easyocr,969,511
2022年计算机408统考真题解析. .pdf,2022,解析/答案,1,digital_text,1306,603
2022年计算机408统考真题解析. .pdf,2022,解析/答案,2,digital_text,1128,548
2022年计算机408统考真题解析. .pdf,2022,解析/答案,3,digital_text,1937,955
2022年计算机408统考真题解析. .pdf,2022,解析/答案,4,digital_text,1822,1138
2022年计算机408统考真题解析. .pdf,2022,解析/答案,5,digital_text,1747,1129
2022年计算机408统考真题解析. .pdf,2022,解析/答案,6,digital_text,928,490
2022年计算机408统考真题解析. .pdf,2022,解析/答案,7,ocr_easyocr,457,327
2022年计算机408统考真题解析. .pdf,2022,解析/答案,8,digital_text,936,294
2022年计算机408统考真题解析. .pdf,2022,解析/答案,9,digital_text,1339,785
2022年计算机408统考真题解析. .pdf,2022,解析/答案,10,digital_text,1353,677
2022年计算机408统考真题解析. .pdf,2022,解析/答案,11,digital_text,650,339
2023年计算机408统考真题解析. .pdf,2023,解析/答案,1,ocr_easyocr,387,160
2023年计算机408统考真题解析. .pdf,2023,解析/答案,2,ocr_easyocr,377,192
2023年计算机408统考真题解析. .pdf,2023,解析/答案,3,ocr_easyocr,499,202
2023年计算机408统考真题解析. .pdf,2023,解析/答案,4,ocr_easyocr,672,159
2023年计算机408统考真题解析. .pdf,2023,解析/答案,5,ocr_easyocr,624,220
2023年计算机408统考真题解析. .pdf,2023,解析/答案,6,ocr_easyocr,556,163
2023年计算机408统考真题解析. .pdf,2023,解析/答案,7,ocr_easyocr,799,68
2023年计算机408统考真题解析. .pdf,2023,解析/答案,8,ocr_easyocr,674,220
2023年计算机408统考真题解析. .pdf,2023,解析/答案,9,ocr_easyocr,654,41
2023年计算机408统考真题解析. .pdf,2023,解析/答案,10,ocr_easyocr,564,29
2023年计算机408统考真题解析. .pdf,2023,解析/答案,11,ocr_easyocr,644,184
2023年计算机408统考真题解析. .pdf,2023,解析/答案,12,ocr_easyocr,459,328
2023年计算机408统考真题解析. .pdf,2023,解析/答案,13,ocr_easyocr,550,297
25王道408历年真题.pdf,collection,合集,1,ocr_easyocr,418,324
25王道408历年真题.pdf,collection,合集,2,ocr_easyocr,958,520
25王道408历年真题.pdf,collection,合集,3,ocr_easyocr,1253,860
25王道408历年真题.pdf,collection,合集,4,ocr_easyocr,1348,876
25王道408历年真题.pdf,collection,合集,5,ocr_easyocr,1192,399
25王道408历年真题.pdf,collection,合集,6,ocr_easyocr,1305,618
25王道408历年真题.pdf,collection,合集,7,ocr_easyocr,1195,579
25王道408历年真题.pdf,collection,合集,8,ocr_easyocr,1526,896
25王道408历年真题.pdf,collection,合集,9,ocr_easyocr,396,316
25王道408历年真题.pdf,collection,合集,10,ocr_easyocr,1085,592
25王道408历年真题.pdf,collection,合集,11,ocr_easyocr,1594,658
25王道408历年真题.pdf,collection,合集,12,ocr_easyocr,1198,741
25王道408历年真题.pdf,collection,合集,13,ocr_easyocr,1395,563
25王道408历年真题.pdf,collection,合集,14,ocr_easyocr,1111,570
25王道408历年真题.pdf,collection,合集,15,ocr_easyocr,1079,366
25王道408历年真题.pdf,collection,合集,16,ocr_easyocr,1061,674
25王道408历年真题.pdf,collection,合集,17,ocr_easyocr,678,397
25王道408历年真题.pdf,collection,合集,18,ocr_easyocr,1156,702
25王道408历年真题.pdf,collection,合集,19,ocr_easyocr,1447,879
25王道408历年真题.pdf,collection,合集,20,ocr_easyocr,1499,1007
25王道408历年真题.pdf,collection,合集,21,ocr_easyocr,1674,1225
25王道408历年真题.pdf,collection,合集,22,ocr_easyocr,1556,851
25王道408历年真题.pdf,collection,合集,23,ocr_easyocr,1038,481
25王道408历年真题.pdf,collection,合集,24,ocr_easyocr,1087,365
25王道408历年真题.pdf,collection,合集,25,ocr_easyocr,1221,441
25王道408历年真题.pdf,collection,合集,26,ocr_easyocr,1433,492
25王道408历年真题.pdf,collection,合集,27,ocr_easyocr,974,486
25王道408历年真题.pdf,collection,合集,28,ocr_easyocr,1185,476
2025年计算机408统考真题及答案.pdf,2025,解析/答案,1,ocr_easyocr,389,198
2025年计算机408统考真题及答案.pdf,2025,解析/答案,2,ocr_easyocr,378,225
2025年计算机408统考真题及答案.pdf,2025,解析/答案,3,ocr_easyocr,455,323
2025年计算机408统考真题及答案.pdf,2025,解析/答案,4,ocr_easyocr,781,541
2025年计算机408统考真题及答案.pdf,2025,解析/答案,5,ocr_easyocr,509,106
2025年计算机408统考真题及答案.pdf,2025,解析/答案,6,ocr_easyocr,381,131
2025年计算机408统考真题及答案.pdf,2025,解析/答案,7,ocr_easyocr,639,395
2025年计算机408统考真题及答案.pdf,2025,解析/答案,8,ocr_easyocr,469,287
2025年计算机408统考真题及答案.pdf,2025,解析/答案,9,ocr_easyocr,495,320
2025年计算机408统考真题及答案.pdf,2025,解析/答案,10,ocr_easyocr,737,543
2025年计算机408统考真题及答案.pdf,2025,解析/答案,11,ocr_easyocr,456,308
2025年计算机408统考真题及答案.pdf,2025,解析/答案,12,ocr_easyocr,308,194
2025年计算机408统考真题及答案.pdf,2025,解析/答案,13,ocr_easyocr,606,473
2025年计算机408统考真题及答案.pdf,2025,解析/答案,14,ocr_easyocr,348,254
2025年计算机408统考真题及答案.pdf,2025,解析/答案,15,ocr_easyocr,572,373
2025年计算机408统考真题及答案.pdf,2025,解析/答案,16,ocr_easyocr,717,442
2025年计算机408统考真题及答案.pdf,2025,解析/答案,17,ocr_easyocr,890,448
2025年计算机408统考真题及答案.pdf,2025,解析/答案,18,ocr_easyocr,718,427
2025年计算机408统考真题及答案.pdf,2025,解析/答案,19,ocr_easyocr,560,294
2025年计算机408统考真题及答案.pdf,2025,解析/答案,20,ocr_easyocr,874,536
2025年计算机408统考真题及答案.pdf,2025,解析/答案,21,ocr_easyocr,567,176
2025年计算机408统考真题及答案.pdf,2025,解析/答案,22,ocr_easyocr,407,126
2025年计算机408统考真题及答案.pdf,2025,解析/答案,23,ocr_easyocr,172,106
2025年计算机408统考真题及答案.pdf,2025,解析/答案,24,ocr_easyocr,638,251
2025年计算机408统考真题及答案.pdf,2025,解析/答案,25,ocr_easyocr,104,59
2025年计算机408统考真题及答案.pdf,2025,解析/答案,26,ocr_easyocr,651,264
2025年计算机408统考真题及答案.pdf,2025,解析/答案,27,ocr_easyocr,267,134
2025年计算机408统考真题及答案.pdf,2025,解析/答案,28,ocr_easyocr,240,16
2025年计算机408统考真题及答案.pdf,2025,解析/答案,29,ocr_easyocr,308,119
2025年计算机408统考真题及答案.pdf,2025,解析/答案,30,ocr_easyocr,730,411
2025年计算机408统考真题及答案.pdf,2025,解析/答案,31,ocr_easyocr,1000,654
2025年计算机408统考真题及答案.pdf,2025,解析/答案,32,ocr_easyocr,125,81
