file,year,kind,subject,chapter,title,hits
2011年计算机408统考真题. .pdf,2011,真题,操作系统,第1章,概述、运行机制、中断/异常、系统调用、引导,20
2011年计算机408统考真题. .pdf,2011,真题,操作系统,第2章,进程、线程、处理机调度、同步互斥、死锁,23
2011年计算机408统考真题. .pdf,2011,真题,操作系统,第3章,内存管理、页表、虚拟内存、页面置换,23
2011年计算机408统考真题. .pdf,2011,真题,操作系统,第4章,文件系统、目录、文件分配、空闲空间管理,22
2011年计算机408统考真题. .pdf,2011,真题,操作系统,第5章,I/O 管理、缓冲、磁盘调度、设备管理,14
2011年计算机408统考真题. .pdf,2011,真题,计算机组成原理,第1章,概述、性能指标、层次结构,8
2011年计算机408统考真题. .pdf,2011,真题,计算机组成原理,第2章,数据表示与运算,9
2011年计算机408统考真题. .pdf,2011,真题,计算机组成原理,第3章,存储系统、Cache、主存、虚拟存储,27
2011年计算机408统考真题. .pdf,2011,真题,计算机组成原理,第4章,指令系统、寻址方式、机器级程序,26
2011年计算机408统考真题. .pdf,2011,真题,计算机组成原理,第5章,CPU、数据通路、控制器、流水线、中断异常,32
2011年计算机408统考真题. .pdf,2011,真题,计算机组成原理,第6章,总线,1
2011年计算机408统考真题. .pdf,2011,真题,计算机组成原理,第7章,输入输出系统、DMA、中断、接口,17
2012年计算机408统考真题. .pdf,2012,真题,操作系统,第1章,概述、运行机制、中断/异常、系统调用、引导,24
2012年计算机408统考真题. .pdf,2012,真题,操作系统,第2章,进程、线程、处理机调度、同步互斥、死锁,35
2012年计算机408统考真题. .pdf,2012,真题,操作系统,第3章,内存管理、页表、虚拟内存、页面置换,10
2012年计算机408统考真题. .pdf,2012,真题,操作系统,第4章,文件系统、目录、文件分配、空闲空间管理,28
2012年计算机408统考真题. .pdf,2012,真题,操作系统,第5章,I/O 管理、缓冲、磁盘调度、设备管理,14
2012年计算机408统考真题. .pdf,2012,真题,计算机组成原理,第1章,概述、性能指标、层次结构,10
2012年计算机408统考真题. .pdf,2012,真题,计算机组成原理,第2章,数据表示与运算,3
2012年计算机408统考真题. .pdf,2012,真题,计算机组成原理,第3章,存储系统、Cache、主存、虚拟存储,37
2012年计算机408统考真题. .pdf,2012,真题,计算机组成原理,第4章,指令系统、寻址方式、机器级程序,25
2012年计算机408统考真题. .pdf,2012,真题,计算机组成原理,第5章,CPU、数据通路、控制器、流水线、中断异常,43
2012年计算机408统考真题. .pdf,2012,真题,计算机组成原理,第6章,总线,11
2012年计算机408统考真题. .pdf,2012,真题,计算机组成原理,第7章,输入输出系统、DMA、中断、接口,29
2013年计算机408统考真题. .pdf,2013,真题,计算机组成原理,第5章,CPU、数据通路、控制器、流水线、中断异常,2
2014年计算机408统考真题. .pdf,2014,真题,操作系统,第1章,概述、运行机制、中断/异常、系统调用、引导,10
2014年计算机408统考真题. .pdf,2014,真题,操作系统,第2章,进程、线程、处理机调度、同步互斥、死锁,33
2014年计算机408统考真题. .pdf,2014,真题,操作系统,第3章,内存管理、页表、虚拟内存、页面置换,11
2014年计算机408统考真题. .pdf,2014,真题,操作系统,第4章,文件系统、目录、文件分配、空闲空间管理,24
2014年计算机408统考真题. .pdf,2014,真题,操作系统,第5章,I/O 管理、缓冲、磁盘调度、设备管理,15
2014年计算机408统考真题. .pdf,2014,真题,计算机组成原理,第1章,概述、性能指标、层次结构,4
2014年计算机408统考真题. .pdf,2014,真题,计算机组成原理,第2章,数据表示与运算,8
2014年计算机408统考真题. .pdf,2014,真题,计算机组成原理,第3章,存储系统、Cache、主存、虚拟存储,25
2014年计算机408统考真题. .pdf,2014,真题,计算机组成原理,第4章,指令系统、寻址方式、机器级程序,49
2014年计算机408统考真题. .pdf,2014,真题,计算机组成原理,第5章,CPU、数据通路、控制器、流水线、中断异常,40
2014年计算机408统考真题. .pdf,2014,真题,计算机组成原理,第6章,总线,9
2014年计算机408统考真题. .pdf,2014,真题,计算机组成原理,第7章,输入输出系统、DMA、中断、接口,24
2017年计算机408统考真题. .pdf,2017,真题,操作系统,第1章,概述、运行机制、中断/异常、系统调用、引导,17
2017年计算机408统考真题. .pdf,2017,真题,操作系统,第2章,进程、线程、处理机调度、同步互斥、死锁,23
2017年计算机408统考真题. .pdf,2017,真题,操作系统,第3章,内存管理、页表、虚拟内存、页面置换,8
2017年计算机408统考真题. .pdf,2017,真题,操作系统,第4章,文件系统、目录、文件分配、空闲空间管理,31
2017年计算机408统考真题. .pdf,2017,真题,操作系统,第5章,I/O 管理、缓冲、磁盘调度、设备管理,5
2017年计算机408统考真题. .pdf,2017,真题,计算机组成原理,第1章,概述、性能指标、层次结构,3
2017年计算机408统考真题. .pdf,2017,真题,计算机组成原理,第2章,数据表示与运算,5
2017年计算机408统考真题. .pdf,2017,真题,计算机组成原理,第3章,存储系统、Cache、主存、虚拟存储,20
2017年计算机408统考真题. .pdf,2017,真题,计算机组成原理,第4章,指令系统、寻址方式、机器级程序,39
2017年计算机408统考真题. .pdf,2017,真题,计算机组成原理,第5章,CPU、数据通路、控制器、流水线、中断异常,31
2017年计算机408统考真题. .pdf,2017,真题,计算机组成原理,第6章,总线,6
2017年计算机408统考真题. .pdf,2017,真题,计算机组成原理,第7章,输入输出系统、DMA、中断、接口,14
2019年计算机408统考真题. .pdf,2019,真题,操作系统,第1章,概述、运行机制、中断/异常、系统调用、引导,20
2019年计算机408统考真题. .pdf,2019,真题,操作系统,第2章,进程、线程、处理机调度、同步互斥、死锁,52
2019年计算机408统考真题. .pdf,2019,真题,操作系统,第3章,内存管理、页表、虚拟内存、页面置换,15
2019年计算机408统考真题. .pdf,2019,真题,操作系统,第4章,文件系统、目录、文件分配、空闲空间管理,12
2019年计算机408统考真题. .pdf,2019,真题,操作系统,第5章,I/O 管理、缓冲、磁盘调度、设备管理,24
2019年计算机408统考真题. .pdf,2019,真题,计算机组成原理,第1章,概述、性能指标、层次结构,6
2019年计算机408统考真题. .pdf,2019,真题,计算机组成原理,第2章,数据表示与运算,4
2019年计算机408统考真题. .pdf,2019,真题,计算机组成原理,第3章,存储系统、Cache、主存、虚拟存储,18
2019年计算机408统考真题. .pdf,2019,真题,计算机组成原理,第4章,指令系统、寻址方式、机器级程序,40
2019年计算机408统考真题. .pdf,2019,真题,计算机组成原理,第5章,CPU、数据通路、控制器、流水线、中断异常,27
2019年计算机408统考真题. .pdf,2019,真题,计算机组成原理,第6章,总线,7
2019年计算机408统考真题. .pdf,2019,真题,计算机组成原理,第7章,输入输出系统、DMA、中断、接口,42
2021年计算机408统考真题. .pdf,2021,真题,操作系统,第1章,概述、运行机制、中断/异常、系统调用、引导,34
2021年计算机408统考真题. .pdf,2021,真题,操作系统,第2章,进程、线程、处理机调度、同步互斥、死锁,37
2021年计算机408统考真题. .pdf,2021,真题,操作系统,第3章,内存管理、页表、虚拟内存、页面置换,28
2021年计算机408统考真题. .pdf,2021,真题,操作系统,第4章,文件系统、目录、文件分配、空闲空间管理,7
2021年计算机408统考真题. .pdf,2021,真题,操作系统,第5章,I/O 管理、缓冲、磁盘调度、设备管理,3
2021年计算机408统考真题. .pdf,2021,真题,计算机组成原理,第1章,概述、性能指标、层次结构,1
2021年计算机408统考真题. .pdf,2021,真题,计算机组成原理,第2章,数据表示与运算,8
2021年计算机408统考真题. .pdf,2021,真题,计算机组成原理,第3章,存储系统、Cache、主存、虚拟存储,24
2021年计算机408统考真题. .pdf,2021,真题,计算机组成原理,第4章,指令系统、寻址方式、机器级程序,29
2021年计算机408统考真题. .pdf,2021,真题,计算机组成原理,第5章,CPU、数据通路、控制器、流水线、中断异常,68
2021年计算机408统考真题. .pdf,2021,真题,计算机组成原理,第6章,总线,10
2021年计算机408统考真题. .pdf,2021,真题,计算机组成原理,第7章,输入输出系统、DMA、中断、接口,10
2022年计算机408统考真题. .pdf,2022,真题,操作系统,第1章,概述、运行机制、中断/异常、系统调用、引导,19
2022年计算机408统考真题. .pdf,2022,真题,操作系统,第2章,进程、线程、处理机调度、同步互斥、死锁,32
2022年计算机408统考真题. .pdf,2022,真题,操作系统,第3章,内存管理、页表、虚拟内存、页面置换,10
2022年计算机408统考真题. .pdf,2022,真题,操作系统,第4章,文件系统、目录、文件分配、空闲空间管理,38
2022年计算机408统考真题. .pdf,2022,真题,操作系统,第5章,I/O 管理、缓冲、磁盘调度、设备管理,18
2022年计算机408统考真题. .pdf,2022,真题,计算机组成原理,第1章,概述、性能指标、层次结构,7
2022年计算机408统考真题. .pdf,2022,真题,计算机组成原理,第2章,数据表示与运算,7
2022年计算机408统考真题. .pdf,2022,真题,计算机组成原理,第3章,存储系统、Cache、主存、虚拟存储,16
2022年计算机408统考真题. .pdf,2022,真题,计算机组成原理,第4章,指令系统、寻址方式、机器级程序,24
2022年计算机408统考真题. .pdf,2022,真题,计算机组成原理,第5章,CPU、数据通路、控制器、流水线、中断异常,45
2022年计算机408统考真题. .pdf,2022,真题,计算机组成原理,第6章,总线,7
2022年计算机408统考真题. .pdf,2022,真题,计算机组成原理,第7章,输入输出系统、DMA、中断、接口,30
2009年计算机408统考真题解析. .pdf,2009,解析/答案,操作系统,第1章,概述、运行机制、中断/异常、系统调用、引导,21
2009年计算机408统考真题解析. .pdf,2009,解析/答案,操作系统,第2章,进程、线程、处理机调度、同步互斥、死锁,32
2009年计算机408统考真题解析. .pdf,2009,解析/答案,操作系统,第3章,内存管理、页表、虚拟内存、页面置换,19
2009年计算机408统考真题解析. .pdf,2009,解析/答案,操作系统,第4章,文件系统、目录、文件分配、空闲空间管理,17
2009年计算机408统考真题解析. .pdf,2009,解析/答案,操作系统,第5章,I/O 管理、缓冲、磁盘调度、设备管理,31
2009年计算机408统考真题解析. .pdf,2009,解析/答案,计算机组成原理,第1章,概述、性能指标、层次结构,7
2009年计算机408统考真题解析. .pdf,2009,解析/答案,计算机组成原理,第2章,数据表示与运算,13
2009年计算机408统考真题解析. .pdf,2009,解析/答案,计算机组成原理,第3章,存储系统、Cache、主存、虚拟存储,28
2009年计算机408统考真题解析. .pdf,2009,解析/答案,计算机组成原理,第4章,指令系统、寻址方式、机器级程序,36
2009年计算机408统考真题解析. .pdf,2009,解析/答案,计算机组成原理,第5章,CPU、数据通路、控制器、流水线、中断异常,135
2009年计算机408统考真题解析. .pdf,2009,解析/答案,计算机组成原理,第6章,总线,8
2009年计算机408统考真题解析. .pdf,2009,解析/答案,计算机组成原理,第7章,输入输出系统、DMA、中断、接口,26
2010年计算机408统考真题解析. .pdf,2010,解析/答案,操作系统,第1章,概述、运行机制、中断/异常、系统调用、引导,25
2010年计算机408统考真题解析. .pdf,2010,解析/答案,操作系统,第2章,进程、线程、处理机调度、同步互斥、死锁,41
2010年计算机408统考真题解析. .pdf,2010,解析/答案,操作系统,第3章,内存管理、页表、虚拟内存、页面置换,25
2010年计算机408统考真题解析. .pdf,2010,解析/答案,操作系统,第4章,文件系统、目录、文件分配、空闲空间管理,24
2010年计算机408统考真题解析. .pdf,2010,解析/答案,操作系统,第5章,I/O 管理、缓冲、磁盘调度、设备管理,5
2010年计算机408统考真题解析. .pdf,2010,解析/答案,计算机组成原理,第1章,概述、性能指标、层次结构,8
2010年计算机408统考真题解析. .pdf,2010,解析/答案,计算机组成原理,第2章,数据表示与运算,7
2010年计算机408统考真题解析. .pdf,2010,解析/答案,计算机组成原理,第3章,存储系统、Cache、主存、虚拟存储,78
2010年计算机408统考真题解析. .pdf,2010,解析/答案,计算机组成原理,第4章,指令系统、寻址方式、机器级程序,40
2010年计算机408统考真题解析. .pdf,2010,解析/答案,计算机组成原理,第5章,CPU、数据通路、控制器、流水线、中断异常,56
2010年计算机408统考真题解析. .pdf,2010,解析/答案,计算机组成原理,第6章,总线,4
2010年计算机408统考真题解析. .pdf,2010,解析/答案,计算机组成原理,第7章,输入输出系统、DMA、中断、接口,12
2011年计算机408统考真题解析. .pdf,2011,解析/答案,操作系统,第1章,概述、运行机制、中断/异常、系统调用、引导,26
2011年计算机408统考真题解析. .pdf,2011,解析/答案,操作系统,第2章,进程、线程、处理机调度、同步互斥、死锁,38
2011年计算机408统考真题解析. .pdf,2011,解析/答案,操作系统,第3章,内存管理、页表、虚拟内存、页面置换,50
2011年计算机408统考真题解析. .pdf,2011,解析/答案,操作系统,第4章,文件系统、目录、文件分配、空闲空间管理,23
2011年计算机408统考真题解析. .pdf,2011,解析/答案,操作系统,第5章,I/O 管理、缓冲、磁盘调度、设备管理,15
2011年计算机408统考真题解析. .pdf,2011,解析/答案,计算机组成原理,第1章,概述、性能指标、层次结构,12
2011年计算机408统考真题解析. .pdf,2011,解析/答案,计算机组成原理,第2章,数据表示与运算,29
2011年计算机408统考真题解析. .pdf,2011,解析/答案,计算机组成原理,第3章,存储系统、Cache、主存、虚拟存储,35
2011年计算机408统考真题解析. .pdf,2011,解析/答案,计算机组成原理,第4章,指令系统、寻址方式、机器级程序,33
2011年计算机408统考真题解析. .pdf,2011,解析/答案,计算机组成原理,第5章,CPU、数据通路、控制器、流水线、中断异常,39
2011年计算机408统考真题解析. .pdf,2011,解析/答案,计算机组成原理,第6章,总线,4
2011年计算机408统考真题解析. .pdf,2011,解析/答案,计算机组成原理,第7章,输入输出系统、DMA、中断、接口,20
2012年计算机408统考真题解析. .pdf,2012,解析/答案,操作系统,第1章,概述、运行机制、中断/异常、系统调用、引导,29
2012年计算机408统考真题解析. .pdf,2012,解析/答案,操作系统,第2章,进程、线程、处理机调度、同步互斥、死锁,36
2012年计算机408统考真题解析. .pdf,2012,解析/答案,操作系统,第3章,内存管理、页表、虚拟内存、页面置换,11
2012年计算机408统考真题解析. .pdf,2012,解析/答案,操作系统,第4章,文件系统、目录、文件分配、空闲空间管理,34
2012年计算机408统考真题解析. .pdf,2012,解析/答案,操作系统,第5章,I/O 管理、缓冲、磁盘调度、设备管理,16
2012年计算机408统考真题解析. .pdf,2012,解析/答案,计算机组成原理,第1章,概述、性能指标、层次结构,17
2012年计算机408统考真题解析. .pdf,2012,解析/答案,计算机组成原理,第2章,数据表示与运算,10
2012年计算机408统考真题解析. .pdf,2012,解析/答案,计算机组成原理,第3章,存储系统、Cache、主存、虚拟存储,29
2012年计算机408统考真题解析. .pdf,2012,解析/答案,计算机组成原理,第4章,指令系统、寻址方式、机器级程序,18
2012年计算机408统考真题解析. .pdf,2012,解析/答案,计算机组成原理,第5章,CPU、数据通路、控制器、流水线、中断异常,54
2012年计算机408统考真题解析. .pdf,2012,解析/答案,计算机组成原理,第6章,总线,12
2012年计算机408统考真题解析. .pdf,2012,解析/答案,计算机组成原理,第7章,输入输出系统、DMA、中断、接口,29
2013年计算机408统考真题解析. .pdf,2013,解析/答案,操作系统,第1章,概述、运行机制、中断/异常、系统调用、引导,12
2013年计算机408统考真题解析. .pdf,2013,解析/答案,操作系统,第2章,进程、线程、处理机调度、同步互斥、死锁,22
2013年计算机408统考真题解析. .pdf,2013,解析/答案,操作系统,第3章,内存管理、页表、虚拟内存、页面置换,21
2013年计算机408统考真题解析. .pdf,2013,解析/答案,操作系统,第4章,文件系统、目录、文件分配、空闲空间管理,23
2013年计算机408统考真题解析. .pdf,2013,解析/答案,操作系统,第5章,I/O 管理、缓冲、磁盘调度、设备管理,15
2013年计算机408统考真题解析. .pdf,2013,解析/答案,计算机组成原理,第1章,概述、性能指标、层次结构,16
2013年计算机408统考真题解析. .pdf,2013,解析/答案,计算机组成原理,第2章,数据表示与运算,11
2013年计算机408统考真题解析. .pdf,2013,解析/答案,计算机组成原理,第3章,存储系统、Cache、主存、虚拟存储,9
2013年计算机408统考真题解析. .pdf,2013,解析/答案,计算机组成原理,第4章,指令系统、寻址方式、机器级程序,21
2013年计算机408统考真题解析. .pdf,2013,解析/答案,计算机组成原理,第5章,CPU、数据通路、控制器、流水线、中断异常,41
2013年计算机408统考真题解析. .pdf,2013,解析/答案,计算机组成原理,第6章,总线,17
2013年计算机408统考真题解析. .pdf,2013,解析/答案,计算机组成原理,第7章,输入输出系统、DMA、中断、接口,29
2014年计算机408统考真题解析. .pdf,2014,解析/答案,操作系统,第1章,概述、运行机制、中断/异常、系统调用、引导,15
2014年计算机408统考真题解析. .pdf,2014,解析/答案,操作系统,第2章,进程、线程、处理机调度、同步互斥、死锁,48
2014年计算机408统考真题解析. .pdf,2014,解析/答案,操作系统,第3章,内存管理、页表、虚拟内存、页面置换,31
2014年计算机408统考真题解析. .pdf,2014,解析/答案,操作系统,第4章,文件系统、目录、文件分配、空闲空间管理,19
2014年计算机408统考真题解析. .pdf,2014,解析/答案,操作系统,第5章,I/O 管理、缓冲、磁盘调度、设备管理,22
2014年计算机408统考真题解析. .pdf,2014,解析/答案,计算机组成原理,第1章,概述、性能指标、层次结构,6
2014年计算机408统考真题解析. .pdf,2014,解析/答案,计算机组成原理,第2章,数据表示与运算,13
2014年计算机408统考真题解析. .pdf,2014,解析/答案,计算机组成原理,第3章,存储系统、Cache、主存、虚拟存储,27
2014年计算机408统考真题解析. .pdf,2014,解析/答案,计算机组成原理,第4章,指令系统、寻址方式、机器级程序,75
2014年计算机408统考真题解析. .pdf,2014,解析/答案,计算机组成原理,第5章,CPU、数据通路、控制器、流水线、中断异常,38
2014年计算机408统考真题解析. .pdf,2014,解析/答案,计算机组成原理,第6章,总线,9
2014年计算机408统考真题解析. .pdf,2014,解析/答案,计算机组成原理,第7章,输入输出系统、DMA、中断、接口,21
2015年计算机408统考真题解析. .pdf,2015,解析/答案,操作系统,第1章,概述、运行机制、中断/异常、系统调用、引导,20
2015年计算机408统考真题解析. .pdf,2015,解析/答案,操作系统,第2章,进程、线程、处理机调度、同步互斥、死锁,28
2015年计算机408统考真题解析. .pdf,2015,解析/答案,操作系统,第3章,内存管理、页表、虚拟内存、页面置换,7
2015年计算机408统考真题解析. .pdf,2015,解析/答案,操作系统,第4章,文件系统、目录、文件分配、空闲空间管理,16
2015年计算机408统考真题解析. .pdf,2015,解析/答案,操作系统,第5章,I/O 管理、缓冲、磁盘调度、设备管理,4
2015年计算机408统考真题解析. .pdf,2015,解析/答案,计算机组成原理,第1章,概述、性能指标、层次结构,2
2015年计算机408统考真题解析. .pdf,2015,解析/答案,计算机组成原理,第2章,数据表示与运算,9
2015年计算机408统考真题解析. .pdf,2015,解析/答案,计算机组成原理,第3章,存储系统、Cache、主存、虚拟存储,29
2015年计算机408统考真题解析. .pdf,2015,解析/答案,计算机组成原理,第4章,指令系统、寻址方式、机器级程序,27
2015年计算机408统考真题解析. .pdf,2015,解析/答案,计算机组成原理,第5章,CPU、数据通路、控制器、流水线、中断异常,40
2015年计算机408统考真题解析. .pdf,2015,解析/答案,计算机组成原理,第6章,总线,2
2015年计算机408统考真题解析. .pdf,2015,解析/答案,计算机组成原理,第7章,输入输出系统、DMA、中断、接口,8
2016年计算机408统考真题解析. .pdf,2016,解析/答案,操作系统,第1章,概述、运行机制、中断/异常、系统调用、引导,26
2016年计算机408统考真题解析. .pdf,2016,解析/答案,操作系统,第2章,进程、线程、处理机调度、同步互斥、死锁,43
2016年计算机408统考真题解析. .pdf,2016,解析/答案,操作系统,第3章,内存管理、页表、虚拟内存、页面置换,19
2016年计算机408统考真题解析. .pdf,2016,解析/答案,操作系统,第4章,文件系统、目录、文件分配、空闲空间管理,28
2016年计算机408统考真题解析. .pdf,2016,解析/答案,操作系统,第5章,I/O 管理、缓冲、磁盘调度、设备管理,21
2016年计算机408统考真题解析. .pdf,2016,解析/答案,计算机组成原理,第1章,概述、性能指标、层次结构,8
2016年计算机408统考真题解析. .pdf,2016,解析/答案,计算机组成原理,第2章,数据表示与运算,4
2016年计算机408统考真题解析. .pdf,2016,解析/答案,计算机组成原理,第3章,存储系统、Cache、主存、虚拟存储,32
2016年计算机408统考真题解析. .pdf,2016,解析/答案,计算机组成原理,第4章,指令系统、寻址方式、机器级程序,40
2016年计算机408统考真题解析. .pdf,2016,解析/答案,计算机组成原理,第5章,CPU、数据通路、控制器、流水线、中断异常,45
2016年计算机408统考真题解析. .pdf,2016,解析/答案,计算机组成原理,第6章,总线,15
2016年计算机408统考真题解析. .pdf,2016,解析/答案,计算机组成原理,第7章,输入输出系统、DMA、中断、接口,31
2017年计算机408统考真题解析. .pdf,2017,解析/答案,操作系统,第1章,概述、运行机制、中断/异常、系统调用、引导,26
2017年计算机408统考真题解析. .pdf,2017,解析/答案,操作系统,第2章,进程、线程、处理机调度、同步互斥、死锁,33
2017年计算机408统考真题解析. .pdf,2017,解析/答案,操作系统,第3章,内存管理、页表、虚拟内存、页面置换,7
2017年计算机408统考真题解析. .pdf,2017,解析/答案,操作系统,第4章,文件系统、目录、文件分配、空闲空间管理,27
2017年计算机408统考真题解析. .pdf,2017,解析/答案,操作系统,第5章,I/O 管理、缓冲、磁盘调度、设备管理,13
2017年计算机408统考真题解析. .pdf,2017,解析/答案,计算机组成原理,第1章,概述、性能指标、层次结构,5
2017年计算机408统考真题解析. .pdf,2017,解析/答案,计算机组成原理,第2章,数据表示与运算,11
2017年计算机408统考真题解析. .pdf,2017,解析/答案,计算机组成原理,第3章,存储系统、Cache、主存、虚拟存储,19
2017年计算机408统考真题解析. .pdf,2017,解析/答案,计算机组成原理,第4章,指令系统、寻址方式、机器级程序,44
2017年计算机408统考真题解析. .pdf,2017,解析/答案,计算机组成原理,第5章,CPU、数据通路、控制器、流水线、中断异常,46
2017年计算机408统考真题解析. .pdf,2017,解析/答案,计算机组成原理,第6章,总线,14
2017年计算机408统考真题解析. .pdf,2017,解析/答案,计算机组成原理,第7章,输入输出系统、DMA、中断、接口,25
2018年计算机408统考真题解析. .pdf,2018,解析/答案,操作系统,第1章,概述、运行机制、中断/异常、系统调用、引导,19
2018年计算机408统考真题解析. .pdf,2018,解析/答案,操作系统,第2章,进程、线程、处理机调度、同步互斥、死锁,41
2018年计算机408统考真题解析. .pdf,2018,解析/答案,操作系统,第3章,内存管理、页表、虚拟内存、页面置换,23
2018年计算机408统考真题解析. .pdf,2018,解析/答案,操作系统,第4章,文件系统、目录、文件分配、空闲空间管理,32
2018年计算机408统考真题解析. .pdf,2018,解析/答案,操作系统,第5章,I/O 管理、缓冲、磁盘调度、设备管理,17
2018年计算机408统考真题解析. .pdf,2018,解析/答案,计算机组成原理,第1章,概述、性能指标、层次结构,5
2018年计算机408统考真题解析. .pdf,2018,解析/答案,计算机组成原理,第2章,数据表示与运算,18
2018年计算机408统考真题解析. .pdf,2018,解析/答案,计算机组成原理,第3章,存储系统、Cache、主存、虚拟存储,33
2018年计算机408统考真题解析. .pdf,2018,解析/答案,计算机组成原理,第4章,指令系统、寻址方式、机器级程序,10
2018年计算机408统考真题解析. .pdf,2018,解析/答案,计算机组成原理,第5章,CPU、数据通路、控制器、流水线、中断异常,39
2018年计算机408统考真题解析. .pdf,2018,解析/答案,计算机组成原理,第6章,总线,8
2018年计算机408统考真题解析. .pdf,2018,解析/答案,计算机组成原理,第7章,输入输出系统、DMA、中断、接口,18
2020年计算机408统考真题解析. .pdf,2020,解析/答案,操作系统,第1章,概述、运行机制、中断/异常、系统调用、引导,46
2020年计算机408统考真题解析. .pdf,2020,解析/答案,操作系统,第2章,进程、线程、处理机调度、同步互斥、死锁,51
2020年计算机408统考真题解析. .pdf,2020,解析/答案,操作系统,第3章,内存管理、页表、虚拟内存、页面置换,21
2020年计算机408统考真题解析. .pdf,2020,解析/答案,操作系统,第4章,文件系统、目录、文件分配、空闲空间管理,41
2020年计算机408统考真题解析. .pdf,2020,解析/答案,操作系统,第5章,I/O 管理、缓冲、磁盘调度、设备管理,15
2020年计算机408统考真题解析. .pdf,2020,解析/答案,计算机组成原理,第1章,概述、性能指标、层次结构,13
2020年计算机408统考真题解析. .pdf,2020,解析/答案,计算机组成原理,第2章,数据表示与运算,9
2020年计算机408统考真题解析. .pdf,2020,解析/答案,计算机组成原理,第3章,存储系统、Cache、主存、虚拟存储,42
2020年计算机408统考真题解析. .pdf,2020,解析/答案,计算机组成原理,第4章,指令系统、寻址方式、机器级程序,30
2020年计算机408统考真题解析. .pdf,2020,解析/答案,计算机组成原理,第5章,CPU、数据通路、控制器、流水线、中断异常,74
2020年计算机408统考真题解析. .pdf,2020,解析/答案,计算机组成原理,第6章,总线,8
2020年计算机408统考真题解析. .pdf,2020,解析/答案,计算机组成原理,第7章,输入输出系统、DMA、中断、接口,16
2022年计算机408统考真题解析. .pdf,2022,解析/答案,操作系统,第1章,概述、运行机制、中断/异常、系统调用、引导,31
2022年计算机408统考真题解析. .pdf,2022,解析/答案,操作系统,第2章,进程、线程、处理机调度、同步互斥、死锁,43
2022年计算机408统考真题解析. .pdf,2022,解析/答案,操作系统,第3章,内存管理、页表、虚拟内存、页面置换,19
2022年计算机408统考真题解析. .pdf,2022,解析/答案,操作系统,第4章,文件系统、目录、文件分配、空闲空间管理,59
2022年计算机408统考真题解析. .pdf,2022,解析/答案,操作系统,第5章,I/O 管理、缓冲、磁盘调度、设备管理,42
2022年计算机408统考真题解析. .pdf,2022,解析/答案,计算机组成原理,第1章,概述、性能指标、层次结构,12
2022年计算机408统考真题解析. .pdf,2022,解析/答案,计算机组成原理,第2章,数据表示与运算,16
2022年计算机408统考真题解析. .pdf,2022,解析/答案,计算机组成原理,第3章,存储系统、Cache、主存、虚拟存储,36
2022年计算机408统考真题解析. .pdf,2022,解析/答案,计算机组成原理,第4章,指令系统、寻址方式、机器级程序,34
2022年计算机408统考真题解析. .pdf,2022,解析/答案,计算机组成原理,第5章,CPU、数据通路、控制器、流水线、中断异常,75
2022年计算机408统考真题解析. .pdf,2022,解析/答案,计算机组成原理,第6章,总线,11
2022年计算机408统考真题解析. .pdf,2022,解析/答案,计算机组成原理,第7章,输入输出系统、DMA、中断、接口,58
